	id
0	2741
1	2742
2	2743
3	2744
4	2745
5	2746
6	2747
7	2748
8	2749
9	2750
10	2751
11	2752
12	2753
13	2754
14	2755
15	2756
16	2757
17	2758
18	2759
19	2760
20	2761
21	2762
22	2763
23	2764
24	2765
25	2766
26	2767
27	2768
28	2769
29	2770
30	2771
31	2772
32	2773
33	2774
34	2775
35	2776
36	2777
37	2778
38	2779
39	2780
40	2781
41	2782
42	2783
43	2784
44	2785
45	2786
46	2787
47	2788
48	2789
49	2790
50	2791
51	2792
52	2793
53	2794
54	2795
55	2796
56	2797
57	2798
58	2799
59	2800
60	2801
61	2802
62	2803
63	2804
64	2805
65	2806
66	2807
67	2808
68	2809
69	2810
70	2811
71	2812
72	2813
73	2814
74	2815
75	2816
76	2817
77	2818
78	2819
79	2820
80	2821
81	2822
82	2823
83	2824
84	2825
85	2826
86	2827
87	2828
88	2829
89	2830
90	2831
91	2832
92	2833
93	2834
94	2835
95	2836
96	2837
97	2838
98	2839
99	2840
100	2841
101	2842
102	2843
103	2844
104	2845
105	2846
106	2847
107	2848
108	2849
109	2850
110	2851
111	2852
112	2853
113	2854
114	2855
115	2856
116	2857
117	2858
118	2859
119	2860
120	2861
121	2862
122	2863
123	2864
124	2865
125	2866
126	2867
127	2868
128	2869
129	2870
130	2871
131	2872
132	2873
133	2874
134	2875
135	2876
136	2877
137	2878
138	2879
139	2880
140	2881
141	2882
142	2883
143	2884
144	2885
145	2886
146	2887
147	2888
148	2889
149	2890
150	2891
151	2892
152	2893
153	2894
154	2895
155	2896
156	2897
157	2898
158	2899
159	2900
160	2901
161	2902
162	2903
163	2904
164	2905
165	2906
166	2907
167	2908
168	2909
169	2910
170	2911
171	2912
172	2913
173	2914
174	2915
175	2916
176	2917
177	2918
178	2919
179	2920
180	2921
181	2922
182	2923
183	2924
184	2925
185	2926
186	2927
187	2928
188	2929
189	2930
190	2931
191	2932
192	2933
193	2934
194	2935
195	2936
196	2937
197	2938
198	2939
199	2940
200	2941
201	2942
202	2943
203	2944
204	2945
205	2946
206	2947
207	2948
208	2949
209	2950
210	2951
211	2952
212	2953
213	2954
214	2955
215	2956
216	2957
217	2958
218	2959
219	2960
220	2961
221	2962
222	2963
223	2964
224	2965
225	2966
226	2967
227	2968
228	2969
229	2970
230	2971
231	2972
232	2973
233	2974
234	2975
235	2976
236	2977
237	2978
238	2979
239	2980
240	2981
241	2982
242	2983
243	2984
244	2985
245	2986
246	2987
247	2988
248	2989
249	2990
250	2991
251	2992
252	2993
253	2994
254	2995
255	2996
256	2997
257	2998
258	2999
259	3000
260	3001
261	3002
262	3003
263	3004
264	3005
265	3006
266	3007
267	3008
268	3009
269	3010
270	3011
271	3012
272	3013
273	3014
274	3015
275	3016
276	3017
277	3018
278	3019
279	3020
280	3021
281	3022
282	3023
283	3024
284	3025
285	3026
286	3027
287	3028
288	3029
289	3030
290	3031
291	3032
292	3033
293	3034
294	3035
295	3036
296	3037
297	3038
298	3039
299	3040
300	3041
301	3042
302	3043
303	3044
304	3045
305	3046
306	3047
307	3048
308	3049
309	3050
310	3051
311	3052
312	3053
313	3054
314	3055
315	3056
316	3057
317	3058
318	3059
319	3060
320	3061
321	3062
322	3063
323	3064
324	3065
325	3066
326	3067
327	3068
328	3069
329	3070
330	3071
331	3072
332	3073
333	3074
334	3075
335	3076
336	3077
337	3078
338	3079
339	3080
340	3081
341	3082
342	3083
343	3084
344	3085
345	3086
346	3087
347	3088
348	3089
349	3090
350	3091
351	3092
352	3093
353	3094
354	3095
355	3096
356	3097
357	3098
358	3099
359	3100
360	3101
361	3102
362	3103
363	3104
364	3105
365	3106
366	3107
367	3108
368	3109
369	3110
370	3111
371	3112
372	3113
373	3114
374	3115
375	3116
376	3117
377	3118
378	3119
379	3120
380	3121
381	3122
382	3123
383	3124
384	3125
385	3126
386	3127
387	3128
388	3129
389	3130
390	3131
391	3132
392	3133
393	3134
394	3135
395	3136
396	3137
397	3138
398	3139
399	3140
400	3141
401	3142
402	3143
403	3144
404	3145
405	3146
406	3147
407	3148
408	3149
409	3150
410	3151
411	3152
412	3153
413	3154
414	3155
415	3156
416	3157
417	3158
418	3159
419	3160
420	3161
421	3162
422	3163
423	3164
424	3165
425	3166
426	3167
427	3168
428	3169
429	3170
430	3171
431	3172
432	3173
433	3174
434	3175
435	3176
436	3177
437	3178
438	3179
439	3180
440	3181
441	3182
442	3183
443	3184
444	3185
445	3186
446	3187
447	3188
448	3189
449	3190
450	3191
451	3192
452	3193
453	3194
454	3195
455	3196
456	3197
457	3198
458	3199
459	3200
460	3201
461	3202
462	3203
463	3204
464	3205
465	3206
466	3207
467	3208
468	3209
469	3210
470	3211
471	3212
472	3213
473	3214
474	3215
475	3216
476	3217
477	3218
478	3219
479	3220
480	3221
481	3222
482	3223
483	3224
484	3225
485	3226
486	3227
487	3228
488	3229
489	3230
490	3231
491	3232
492	3233
493	3234
494	3235
495	3236
496	3237
497	3238
498	3239
499	3240
500	3241
501	3242
502	3243
503	3244
504	3245
505	3246
506	3247
507	3248
508	3249
509	3250
510	3251
511	3252
512	3253
513	3254
514	3255
515	3256
516	3257
517	3258
518	3259
519	3260
520	3261
521	3262
522	3263
523	3264
524	3265
525	3266
526	3267
527	3268
528	3269
529	3270
530	3271
531	3272
532	3273
533	3274
534	3275
535	3276
536	3277
537	3278
538	3279
539	3280
540	3281
541	3282
542	3283
543	3284
544	3285
545	3286
546	3287
547	3288
548	3289
549	3290
550	3291
551	3292
552	3293
553	3294
554	3295
555	3296
556	3297
557	3298
558	3299
559	3300
560	3301
561	3302
562	3303
563	3304
564	3305
565	3306
566	3307
567	3308
568	3309
569	3310
570	3311
571	3312
572	3313
573	3314
574	3315
575	3316
576	3317
577	3318
578	3319
579	3320
580	3321
581	3322
582	3323
583	3324
584	3325
585	3326
586	3327
587	3328
588	3329
589	3330
590	3331
591	3332
592	3333
593	3334
594	3335
595	3336
596	3337
597	3338
598	3339
599	3340
600	3341
601	3342
602	3343
603	3344
604	3345
605	3346
606	3347
607	3348
608	3349
609	3350
610	3351
611	3352
612	3353
613	3354
614	3355
615	3356
616	3357
617	3358
618	3359
619	3360
620	3361
621	3362
622	3363
623	3364
624	3365
625	3366
626	3367
627	3368
628	3369
629	3370
630	3371
631	3372
632	3373
633	3374
634	3375
635	3376
636	3377
637	3378
638	3379
639	3380
640	3381
641	3382
642	3383
643	3384
644	3385
645	3386
646	3387
647	3388
648	3389
649	3390
650	3391
651	3392
652	3393
653	3394
654	3395
655	3396
656	3397
657	3398
658	3399
659	3400
660	3401
661	3402
662	3403
663	3404
664	3405
665	3406
666	3407
667	3408
668	3409
669	3410
670	3411
671	3412
672	3413
673	3414
674	3415
675	3416
676	3417
677	3418
678	3419
679	3420
680	3421
681	3422
682	3423
683	3424
684	3425
685	3426
686	3427
687	3428
688	3429
689	3430
690	3431
691	3432
692	3433
693	3434
694	3435
695	3436
696	3437
697	3438
698	3439
699	3440
700	3441
701	3442
702	3443
703	3444
704	3445
705	3446
706	3447
707	3448
708	3449
709	3450
710	3451
711	3452
712	3453
713	3454
714	3455
715	3456
716	3457
717	3458
718	3459
719	3460
720	3461
721	3462
722	3463
723	3464
724	3465
725	3466
726	3467
727	3468
728	3469
729	3470
730	3471
731	3472
732	3473
733	3474
734	3475
735	3476
736	3477
737	3478
738	3479
739	3480
740	3481
741	3482
742	3483
743	3484
744	3485
745	3486
746	3487
747	3488
748	3489
749	3490
750	3491
751	3492
752	3493
753	3494
754	3495
755	3496
756	3497
757	3498
758	3499
759	3500
760	3501
761	3502
762	3503
763	3504
764	3505
765	3506
766	3507
767	3508
768	3509
769	3510
770	3511
771	3512
772	3513
773	3514
774	3515
775	3516
776	3517
777	3518
778	3519
779	3520
780	3521
781	3522
782	3523
783	3524
784	3525
785	3526
786	3527
787	3528
788	3529
789	3530
790	3531
791	3532
792	3533
793	3534
794	3535
795	3536
796	3537
797	3538
798	3539
799	3540
800	3541
801	3542
802	3543
803	3544
804	3545
805	3546
806	3547
807	3548
808	3549
809	3550
810	3551
811	3552
812	3553
813	3554
814	3555
815	3556
816	3557
817	3558
818	3559
819	3560
820	3561
821	3562
822	3563
823	3564
824	3565
825	3566
826	3567
827	3568
828	3569
829	3570
830	3571
831	3572
832	3573
833	3574
834	3575
835	3576
836	3577
837	3578
838	3579
839	3580
840	3581
841	3582
842	3583
843	3584
844	3585
845	3586
846	3587
847	3588
848	3589
849	3590
850	3591
851	3592
852	3593
853	3594
854	3595
855	3596
856	3597
857	3598
858	3599
859	3600
860	3601
861	3602
862	3603
863	3604
864	3605
865	3606
866	3607
867	3608
868	3609
869	3610
870	3611
871	3612
872	3613
873	3614
874	3615
875	3616
876	3617
877	3618
878	3619
879	3620
880	3621
881	3622
882	3623
883	3624
884	3625
885	3626
886	3627
887	3628
888	3629
889	3630
890	3631
891	3632
892	3633
893	3634
894	3635
895	3636
896	3637
897	3638
898	3639
899	3640
900	3641
901	3642
902	3643
903	3644
904	3645
905	3646
906	3647
907	3648
908	3649
909	3650
910	3651
911	3652
912	3653
913	3654
914	3655
915	3656
916	3657
917	3658
918	3659
919	3660
920	3661
921	3662
922	3663
923	3664
924	3665
925	3666
926	3667
927	3668
928	3669
929	3670
930	3671
931	3672
932	3673
933	3674
934	3675
935	3676
936	3677
937	3678
938	3679
939	3680
940	3681
941	3682
942	3683
943	3684
944	3685
945	3686
946	3687
947	3688
948	3689
949	3690
950	3691
951	3692
952	3693
953	3694
954	3695
955	3696
956	3697
957	3698
958	3699
959	3700
960	3701
961	3702
962	3703
963	3704
964	3705
965	3706
966	3707
967	3708
968	3709
969	3710
970	3711
971	3712
972	3713
973	3714
974	3715
975	3716
976	3717
977	3718
978	3719
979	3720
980	3721
981	3722
982	3723
983	3724
984	3725
985	3726
986	3727
987	3728
988	3729
989	3730
990	3731
991	3732
992	3733
993	3734
994	3735
995	3736
996	3737
997	3738
998	3739
999	3740
1000	3741
1001	3742
1002	3743
1003	3744
1004	3745
1005	3746
1006	3747
1007	3748
1008	3749
1009	3750
1010	3751
1011	3752
1012	3753
1013	3754
1014	3755
1015	3756
1016	3757
1017	3758
1018	3759
1019	3760
1020	3761
1021	3762
1022	3763
1023	3764
1024	3765
1025	3766
1026	3767
1027	3768
1028	3769
1029	3770
1030	3771
1031	3772
1032	3773
1033	3774
1034	3775
1035	3776
1036	3777
1037	3778
1038	3779
1039	3780
1040	3781
1041	3782
1042	3783
1043	3784
1044	3785
1045	3786
1046	3787
1047	3788
1048	3789
1049	3790
1050	3791
1051	3792
1052	3793
1053	3794
1054	3795
1055	3796
1056	3797
1057	3798
1058	3799
1059	3800
1060	3801
1061	3802
1062	3803
1063	3804
1064	3805
1065	3806
1066	3807
1067	3808
1068	3809
1069	3810
1070	3811
1071	3812
1072	3813
1073	3814
1074	3815
1075	3816
1076	3817
1077	3818
1078	3819
1079	3820
1080	3821
1081	3822
1082	3823
1083	3824
1084	3825
1085	3826
1086	3827
1087	3828
1088	3829
1089	3830
1090	3831
1091	3832
1092	3833
1093	3834
1094	3835
1095	3836
1096	3837
1097	3838
1098	3839
1099	3840
1100	3841
1101	3842
1102	3843
1103	3844
1104	3845
1105	3846
1106	3847
1107	3848
1108	3849
1109	3850
1110	3851
1111	3852
1112	3853
1113	3854
1114	3855
1115	3856
1116	3857
1117	3858
1118	3859
1119	3860
1120	3861
1121	3862
1122	3863
1123	3864
1124	3865
1125	3866
1126	3867
1127	3868
1128	3869
1129	3870
1130	3871
1131	3872
1132	3873
1133	3874
1134	3875
1135	3876
1136	3877
1137	3878
1138	3879
1139	3880
1140	3881
1141	3882
1142	3883
1143	3884
1144	3885
1145	3886
1146	3887
1147	3888
1148	3889
1149	3890
1150	3891
1151	3892
1152	3893
1153	3894
1154	3895
1155	3896
1156	3897
1157	3898
1158	3899
1159	3900
1160	3901
1161	3902
1162	3903
1163	3904
1164	3905
1165	3906
1166	3907
1167	3908
1168	3909
1169	3910
1170	3911
1171	3912
1172	3913
1173	3914
1174	3915
1175	3916
1176	3917
1177	3918
1178	3919
1179	3920
1180	3921
1181	3922
1182	3923
1183	3924
1184	3925
1185	3926
1186	3927
1187	3928
1188	3929
1189	3930
1190	3931
1191	3932
1192	3933
1193	3934
1194	3935
1195	3936
1196	3937
1197	3938
1198	3939
1199	3940
1200	3941
1201	3942
1202	3943
1203	3944
1204	3945
1205	3946
1206	3947
1207	3948
1208	3949
1209	3950
1210	3951
1211	3952
1212	3953
1213	3954
1214	3955
1215	3956
1216	3957
1217	3958
1218	3959
1219	3960
1220	3961
1221	3962
1222	3963
1223	3964
1224	3965
1225	3966
1226	3967
1227	3968
1228	3969
1229	3970
1230	3971
1231	3972
1232	3973
1233	3974
1234	3975
1235	3976
1236	3977
1237	3978
1238	3979
1239	3980
1240	3981
1241	3982
1242	3983
1243	3984
1244	3985
1245	3986
1246	3987
1247	3988
1248	3989
1249	3990
1250	3991
1251	3992
1252	3993
1253	3994
1254	3995
1255	3996
1256	3997
1257	3998
1258	3999
1259	4000
1260	4001
1261	4002
1262	4003
1263	4004
1264	4005
1265	4006
1266	4007
1267	4008
1268	4009
1269	4010
1270	4011
1271	4012
1272	4013
1273	4014
1274	4015
1275	4016
1276	4017
1277	4018
1278	4019
1279	4020
1280	4021
1281	4022
1282	4023
1283	4024
1284	4025
1285	4026
1286	4027
1287	4028
1288	4029
1289	4030
1290	4031
1291	4032
1292	4033
1293	4034
1294	4035
1295	4036
1296	4037
1297	4038
1298	4039
1299	4040
1300	4041
1301	4042
1302	4043
1303	4044
1304	4045
1305	4046
1306	4047
1307	4048
1308	4049
1309	4050
1310	4051
1311	4052
1312	4053
1313	4054
1314	4055
1315	4056
1316	4057
1317	4058
1318	4059
1319	4060
1320	4061
1321	4062
1322	4063
1323	4064
1324	4065
1325	4066
1326	4067
1327	4068
1328	4069
1329	4070
1330	4071
1331	4072
1332	4073
1333	4074
1334	4075
1335	4076
1336	4077
1337	4078
1338	4079
1339	4080
1340	4081
1341	4082
1342	4083
1343	4084
1344	4085
1345	4086
1346	4087
1347	4088
1348	4089
1349	4090
1350	4091
1351	4092
1352	4093
1353	4094
1354	4095
1355	4096
1356	4097
1357	4098
1358	4099
1359	4100
1360	4101
1361	4102
1362	4103
1363	4104
1364	4105
1365	4106
1366	4107
1367	4108
1368	4109
1369	4110
1370	4111
1371	4112
1372	4113
1373	4114
1374	4115
1375	4116
1376	4117
1377	4118
1378	4119
1379	4120
1380	4121
1381	4122
1382	4123
1383	4124
1384	4125
1385	4126
1386	4127
1387	4128
1388	4129
1389	4130
1390	4131
1391	4132
1392	4133
1393	4134
1394	4135
1395	4136
1396	4137
1397	4138
1398	4139
1399	4140
1400	4141
1401	4142
1402	4143
1403	4144
1404	4145
1405	4146
1406	4147
1407	4148
1408	4149
1409	4150
1410	4151
1411	4152
1412	4153
1413	4154
1414	4155
1415	4156
1416	4157
1417	4158
1418	4159
1419	4160
1420	4161
1421	4162
1422	4163
1423	4164
1424	4165
1425	4166
1426	4167
1427	4168
1428	4169
1429	4170
1430	4171
1431	4172
1432	4173
1433	4174
1434	4175
1435	4176
1436	4177
1437	4178
1438	4179
1439	4180
1440	4181
1441	4182
1442	4183
1443	4184
1444	4185
1445	4186
1446	4187
1447	4188
1448	4189
1449	4190
1450	4191
1451	4192
1452	4193
1453	4194
1454	4195
1455	4196
1456	4197
1457	4198
1458	4199
1459	4200
1460	4201
1461	4202
1462	4203
1463	4204
1464	4205
1465	4206
1466	4207
1467	4208
1468	4209
1469	4210
1470	4211
1471	4212
1472	4213
1473	4214
1474	4215
1475	4216
1476	4217
1477	4218
1478	4219
1479	4220
1480	4221
1481	4222
1482	4223
1483	4224
1484	4225
1485	4226
1486	4227
1487	4228
1488	4229
1489	4230
1490	4231
1491	4232
1492	4233
1493	4234
1494	4235
1495	4236
1496	4237
1497	4238
1498	4239
1499	4240
1500	4241
1501	4242
1502	4243
1503	4244
1504	4245
1505	4246
1506	4247
1507	4248
1508	4249
1509	4250
1510	4251
1511	4252
1512	4253
1513	4254
1514	4255
1515	4256
1516	4257
1517	4258
1518	4259
1519	4260
1520	4261
1521	4262
1522	4263
1523	4264
1524	4265
1525	4266
1526	4267
1527	4268
1528	4269
1529	4270
1530	4271
1531	4272
1532	4273
1533	4274
1534	4275
1535	4276
1536	4277
1537	4278
1538	4279
1539	4280
1540	4281
1541	4282
1542	4283
1543	4284
1544	4285
1545	4286
1546	4287
1547	4288
1548	4289
1549	4290
1550	4291
1551	4292
1552	4293
1553	4294
1554	4295
1555	4296
1556	4297
1557	4298
1558	4299
1559	4300
1560	4301
1561	4302
1562	4303
1563	4304
1564	4305
1565	4306
1566	4307
1567	4308
1568	4309
1569	4310
1570	4311
1571	4312
1572	4313
1573	4314
1574	4315
1575	4316
1576	4317
1577	4318
1578	4319
1579	4320
1580	4321
1581	4322
1582	4323
1583	4324
1584	4325
1585	4326
1586	4327
1587	4328
1588	4329
1589	4330
1590	4331
1591	4332
1592	4333
1593	4334
1594	4335
1595	4336
1596	4337
1597	4338
1598	4339
1599	4340
1600	4341
1601	4342
1602	4343
1603	4344
1604	4345
1605	4346
1606	4347
1607	4348
1608	4349
1609	4350
1610	4351
1611	4352
1612	4353
1613	4354
1614	4355
1615	4356
1616	4357
1617	4358
1618	4359
1619	4360
1620	4361
1621	4362
1622	4363
1623	4364
1624	4365
1625	4366
1626	4367
1627	4368
1628	4369
1629	4370
1630	4371
1631	4372
1632	4373
1633	4374
1634	4375
1635	4376
1636	4377
1637	4378
1638	4379
1639	4380
1640	4381
1641	4382
1642	4383
1643	4384
1644	4385
1645	4386
1646	4387
1647	4388
1648	4389
1649	4390
1650	4391
1651	4392
1652	4393
1653	4394
1654	4395
1655	4396
1656	4397
1657	4398
1658	4399
1659	4400
1660	4401
1661	4402
1662	4403
1663	4404
1664	4405
1665	4406
1666	4407
1667	4408
1668	4409
1669	4410
1670	4411
1671	4412
1672	4413
1673	4414
1674	4415
1675	4416
1676	4417
1677	4418
1678	4419
1679	4420
1680	4421
1681	4422
1682	4423
1683	4424
1684	4425
1685	4426
1686	4427
1687	4428
1688	4429
1689	4430
1690	4431
1691	4432
1692	4433
1693	4434
1694	4435
1695	4436
1696	4437
1697	4438
1698	4439
1699	4440
1700	4441
1701	4442
1702	4443
1703	4444
1704	4445
1705	4446
1706	4447
1707	4448
1708	4449
1709	4450
1710	4451
1711	4452
1712	4453
1713	4454
1714	4455
1715	4456
1716	4457
1717	4458
1718	4459
1719	4460
1720	4461
1721	4462
1722	4463
1723	4464
1724	4465
1725	4466
1726	4467
1727	4468
1728	4469
1729	4470
1730	4471
1731	4472
1732	4473
1733	4474
1734	4475
1735	4476
1736	4477
1737	4478
1738	4479
1739	4480
1740	4481
1741	4482
1742	4483
1743	4484
1744	4485
1745	4486
1746	4487
1747	4488
1748	4489
1749	4490
1750	4491
1751	4492
1752	4493
1753	4494
1754	4495
1755	4496
1756	4497
1757	4498
1758	4499
1759	4500
1760	4501
1761	4502
1762	4503
1763	4504
1764	4505
1765	4506
1766	4507
1767	4508
1768	4509
1769	4510
1770	4511
1771	4512
1772	4513
1773	4514
1774	4515
1775	4516
1776	4517
1777	4518
1778	4519
1779	4520
1780	4521
1781	4522
1782	4523
1783	4524
1784	4525
1785	4526
1786	4527
1787	4528
1788	4529
1789	4530
1790	4531
1791	4532
1792	4533
1793	4534
1794	4535
1795	4536
1796	4537
1797	4538
1798	4539
1799	4540
1800	4541
1801	4542
1802	4543
1803	4544
1804	4545
1805	4546
1806	4547
1807	4548
1808	4549
1809	4550
1810	4551
1811	4552
1812	4553
1813	4554
1814	4555
1815	4556
1816	4557
1817	4558
1818	4559
1819	4560
1820	4561
1821	4562
1822	4563
1823	4564
1824	4565
1825	4566
1826	4567
1827	4568
1828	4569
1829	4570
1830	4571
1831	4572
1832	4573
1833	4574
1834	4575
1835	4576
1836	4577
1837	4578
1838	4579
1839	4580
1840	4581
1841	4582
1842	4583
1843	4584
1844	4585
1845	4586
1846	4587
1847	4588
1848	4589
1849	4590
1850	4591
1851	4592
1852	4593
1853	4594
1854	4595
1855	4596
1856	4597
1857	4598
1858	4599
1859	4600
1860	4601
1861	4602
1862	4603
1863	4604
1864	4605
1865	4606
1866	4607
1867	4608
1868	4609
1869	4610
1870	4611
1871	4612
1872	4613
1873	4614
1874	4615
1875	4616
1876	4617
1877	4618
1878	4619
1879	4620
1880	4621
1881	4622
1882	4623
1883	4624
1884	4625
1885	4626
1886	4627
1887	4628
1888	4629
1889	4630
1890	4631
1891	4632
1892	4633
1893	4634
1894	4635
1895	4636
1896	4637
1897	4638
1898	4639
1899	4640
1900	4641
1901	4642
1902	4643
1903	4644
1904	4645
1905	4646
1906	4647
1907	4648
1908	4649
1909	4650
1910	4651
1911	4652
1912	4653
1913	4654
1914	4655
1915	4656
1916	4657
1917	4658
1918	4659
1919	4660
1920	4661
1921	4662
1922	4663
1923	4664
1924	4665
1925	4666
1926	4667
1927	4668
1928	4669
1929	4670
1930	4671
1931	4672
1932	4673
1933	4674
1934	4675
1935	4676
1936	4677
1937	4678
1938	4679
1939	4680
1940	4681
1941	4682
1942	4683
1943	4684
1944	4685
1945	4686
1946	4687
1947	4688
1948	4689
1949	4690
1950	4691
1951	4692
1952	4693
1953	4694
1954	4695
1955	4696
1956	4697
1957	4698
1958	4699
1959	4700
1960	4701
1961	4702
1962	4703
1963	4704
1964	4705
1965	4706
1966	4707
1967	4708
1968	4709
1969	4710
1970	4711
1971	4712
1972	4713
1973	4714
1974	4715
1975	4716
1976	4717
1977	4718
1978	4719
1979	4720
1980	4721
1981	4722
1982	4723
1983	4724
1984	4725
1985	4726
1986	4727
1987	4728
1988	4729
1989	4730
1990	4731
1991	4732
1992	4733
1993	4734
1994	4735
1995	4736
1996	4737
1997	4738
1998	4739
1999	4740
2000	4741
2001	4742
2002	4743
2003	4744
2004	4745
2005	4746
2006	4747
2007	4748
2008	4749
2009	4750
2010	4751
2011	4752
2012	4753
2013	4754
2014	4755
2015	4756
2016	4757
2017	4758
2018	4759
2019	4760
2020	4761
2021	4762
2022	4763
2023	4764
2024	4765
2025	4766
2026	4767
2027	4768
2028	4769
2029	4770
2030	4771
2031	4772
2032	4773
2033	4774
2034	4775
2035	4776
2036	4777
2037	4778
2038	4779
2039	4780
2040	4781
2041	4782
2042	4783
2043	4784
2044	4785
2045	4786
2046	4787
2047	4788
2048	4789
2049	4790
2050	4791
2051	4792
2052	4793
2053	4794
2054	4795
2055	4796
2056	4797
2057	4798
2058	4799
2059	4800
2060	4801
2061	4802
2062	4803
2063	4804
2064	4805
2065	4806
2066	4807
2067	4808
2068	4809
2069	4810
2070	4811
2071	4812
2072	4813
2073	4814
2074	4815
2075	4816
2076	4817
2077	4818
2078	4819
2079	4820
2080	4821
2081	4822
2082	4823
2083	4824
2084	4825
2085	4826
2086	4827
2087	4828
2088	4829
2089	4830
2090	4831
2091	4832
2092	4833
2093	4834
2094	4835
2095	4836
2096	4837
2097	4838
2098	4839
2099	4840
2100	4841
2101	4842
2102	4843
2103	4844
2104	4845
2105	4846
2106	4847
2107	4848
2108	4849
2109	4850
2110	4851
2111	4852
2112	4853
2113	4854
2114	4855
2115	4856
2116	4857
2117	4858
2118	4859
2119	4860
2120	4861
2121	4862
2122	4863
2123	4864
2124	4865
2125	4866
2126	4867
2127	4868
2128	4869
2129	4870
2130	4871
2131	4872
2132	4873
2133	4874
2134	4875
2135	4876
2136	4877
2137	4878
2138	4879
2139	4880
2140	4881
2141	4882
2142	4883
2143	4884
2144	4885
2145	4886
2146	4887
2147	4888
2148	4889
2149	4890
2150	4891
2151	4892
2152	4893
2153	4894
2154	4895
2155	4896
2156	4897
2157	4898
2158	4899
2159	4900
2160	4901
2161	4902
2162	4903
2163	4904
2164	4905
2165	4906
2166	4907
2167	4908
2168	4909
2169	4910
2170	4911
2171	4912
2172	4913
2173	4914
2174	4915
2175	4916
2176	4917
2177	4918
2178	4919
2179	4920
2180	4921
2181	4922
2182	4923
2183	4924
2184	4925
2185	4926
2186	4927
2187	4928
2188	4929
2189	4930
2190	4931
2191	4932
2192	4933
2193	4934
2194	4935
2195	4936
2196	4937
2197	4938
2198	4939
2199	4940
2200	4941
2201	4942
2202	4943
2203	4944
2204	4945
2205	4946
2206	4947
2207	4948
2208	4949
2209	4950
2210	4951
2211	4952
2212	4953
2213	4954
2214	4955
2215	4956
2216	4957
2217	4958
2218	4959
2219	4960
2220	4961
2221	4962
2222	4963
2223	4964
2224	4965
2225	4966
2226	4967
2227	4968
2228	4969
2229	4970
2230	4971
2231	4972
2232	4973
2233	4974
2234	4975
2235	4976
2236	4977
2237	4978
2238	4979
2239	4980
2240	4981
2241	4982
2242	4983
2243	4984
2244	4985
2245	4986
2246	4987
2247	4988
2248	4989
2249	4990
2250	4991
2251	4992
2252	4993
2253	4994
2254	4995
2255	4996
2256	4997
2257	4998
2258	4999
2259	5000
2260	5001
2261	5002
2262	5003
2263	5004
2264	5005
2265	5006
2266	5007
2267	5008
2268	5009
2269	5010
2270	5011
2271	5012
2272	5013
2273	5014
2274	5015
2275	5016
2276	5017
2277	5018
2278	5019
2279	5020
2280	5021
2281	5022
2282	5023
2283	5024
2284	5025
2285	5026
2286	5027
2287	5028
2288	5029
2289	5030
2290	5031
2291	5032
2292	5033
2293	5034
2294	5035
2295	5036
2296	5037
2297	5038
2298	5039
2299	5040
2300	5041
2301	5042
2302	5043
2303	5044
2304	5045
2305	5046
2306	5047
2307	5048
2308	5049
2309	5050
2310	5051
2311	5052
2312	5053
2313	5054
2314	5055
2315	5056
2316	5057
2317	5058
2318	5059
2319	5060
2320	5061
2321	5062
2322	5063
2323	5064
2324	5065
2325	5066
2326	5067
2327	5068
2328	5069
2329	5070
2330	5071
2331	5072
2332	5073
2333	5074
2334	5075
2335	5076
2336	5077
2337	5078
2338	5079
2339	5080
2340	5081
2341	5082
2342	5083
2343	5084
2344	5085
2345	5086
2346	5087
2347	5088
2348	5089
2349	5090
2350	5091
2351	5092
2352	5093
2353	5094
2354	5095
2355	5096
2356	5097
2357	5098
2358	5099
2359	5100
2360	5101
2361	5102
2362	5103
2363	5104
2364	5105
2365	5106
2366	5107
2367	5108
2368	5109
2369	5110
2370	5111
2371	5112
2372	5113
2373	5114
2374	5115
2375	5116
2376	5117
2377	5118
2378	5119
2379	5120
2380	5121
2381	5122
2382	5123
2383	5124
2384	5125
2385	5126
2386	5127
2387	5128
2388	5129
2389	5130
2390	5131
2391	5132
2392	5133
2393	5134
2394	5135
2395	5136
2396	5137
2397	5138
2398	5139
2399	5140
2400	5141
2401	5142
2402	5143
2403	5144
2404	5145
2405	5146
2406	5147
2407	5148
2408	5149
2409	5150
2410	5151
2411	5152
2412	5153
2413	5154
2414	5155
2415	5156
2416	5157
2417	5158
2418	5159
2419	5160
2420	5161
2421	5162
2422	5163
2423	5164
2424	5165
2425	5166
2426	5167
2427	5168
2428	5169
2429	5170
2430	5171
2431	5172
2432	5173
2433	5174
2434	5175
2435	5176
2436	5177
2437	5178
2438	5179
2439	5180
2440	5181
2441	5182
2442	5183
2443	5184
2444	5185
2445	5186
2446	5187
2447	5188
2448	5189
2449	5190
2450	5191
2451	5192
2452	5193
2453	5194
2454	5195
2455	5196
2456	5197
2457	5198
2458	5199
2459	5200
2460	5201
2461	5202
2462	5203
2463	5204
2464	5205
2465	5206
2466	5207
2467	5208
2468	5209
2469	5210
2470	5211
2471	5212
2472	5213
2473	5214
2474	5215
2475	5216
2476	5217
2477	5218
2478	5219
2479	5220
2480	5221
2481	5222
2482	5223
2483	5224
2484	5225
2485	5226
2486	5227
2487	5228
2488	5229
2489	5230
2490	5231
2491	5232
2492	5233
2493	5234
2494	5235
2495	5236
2496	5237
2497	5238
2498	5239
2499	5240
2500	5241
2501	5242
2502	5243
2503	5244
2504	5245
2505	5246
2506	5247
2507	5248
2508	5249
2509	5250
2510	5251
2511	5252
2512	5253
2513	5254
2514	5255
2515	5256
2516	5257
2517	5258
2518	5259
2519	5260
2520	5261
2521	5262
2522	5263
2523	5264
2524	5265
2525	5266
2526	5267
2527	5268
2528	5269
2529	5270
2530	5271
2531	5272
2532	5273
2533	5274
2534	5275
2535	5276
2536	5277
2537	5278
2538	5279
2539	5280
2540	5281
2541	5282
2542	5283
2543	5284
2544	5285
2545	5286
2546	5287
2547	5288
2548	5289
2549	5290
2550	5291
2551	5292
2552	5293
2553	5294
2554	5295
2555	5296
2556	5297
2557	5298
2558	5299
2559	5300
2560	5301
2561	5302
2562	5303
2563	5304
2564	5305
2565	5306
2566	5307
2567	5308
2568	5309
2569	5310
2570	5311
2571	5312
2572	5313
2573	5314
2574	5315
2575	5316
2576	5317
2577	5318
2578	5319
2579	5320
2580	5321
2581	5322
2582	5323
2583	5324
2584	5325
2585	5326
2586	5327
2587	5328
2588	5329
2589	5330
2590	5331
2591	5332
2592	5333
2593	5334
2594	5335
2595	5336
2596	5337
2597	5338
2598	5339
2599	5340
2600	5341
2601	5342
2602	5343
2603	5344
2604	5345
2605	5346
2606	5347
2607	5348
2608	5349
2609	5350
2610	5351
2611	5352
2612	5353
2613	5354
2614	5355
2615	5356
2616	5357
2617	5358
2618	5359
2619	5360
2620	5361
2621	5362
2622	5363
2623	5364
2624	5365
2625	5366
2626	5367
2627	5368
2628	5369
2629	5370
2630	5371
2631	5372
2632	5373
2633	5374
2634	5375
2635	5376
2636	5377
2637	5378
2638	5379
2639	5380
2640	5381
2641	5382
2642	5383
2643	5384
2644	5385
2645	5386
2646	5387
2647	5388
2648	5389
2649	5390
2650	5391
2651	5392
2652	5393
2653	5394
2654	5395
2655	5396
2656	5397
2657	5398
2658	5399
2659	5400
2660	5401
2661	5402
2662	5403
2663	5404
2664	5405
2665	5406
2666	5407
2667	5408
2668	5409
2669	5410
2670	5411
2671	5412
2672	5413
2673	5414
2674	5415
2675	5416
2676	5417
2677	5418
2678	5419
2679	5420
2680	5421
2681	5422
2682	5423
2683	5424
2684	5425
2685	5426
2686	5427
2687	5428
2688	5429
2689	5430
2690	5431
2691	5432
2692	5433
2693	5434
2694	5435
2695	5436
2696	5437
2697	5438
2698	5439
2699	5440
2700	5441
2701	5442
2702	5443
2703	5444
2704	5445
2705	5446
2706	5447
2707	5448
2708	5449
2709	5450
2710	5451
2711	5452
2712	5453
2713	5454
2714	5455
2715	5456
2716	5457
2717	5458
2718	5459
2719	5460
2720	5461
2721	5462
2722	5463
2723	5464
2724	5465
2725	5466
2726	5467
2727	5468
2728	5469
2729	5470
2730	5471
2731	5472
2732	5473
2733	5474
2734	5475
2735	5476
2736	5477
2737	5478
2738	5479
2739	5480
2740	5481
2741	5482
2742	5483
2743	5484
2744	5485
2745	5486
2746	5487
2747	5488
2748	5489
2749	5490
2750	5491
2751	5492
2752	5493
2753	5494
2754	5495
2755	5496
2756	5497
2757	5498
2758	5499
2759	5500
2760	5501
2761	5502
2762	5503
2763	5504
2764	5505
2765	5506
2766	5507
2767	5508
2768	5509
2769	5510
2770	5511
2771	5512
2772	5513
2773	5514
2774	5515
2775	5516
2776	5517
2777	5518
2778	5519
2779	5520
2780	5521
2781	5522
2782	5523
2783	5524
2784	5525
2785	5526
2786	5527
2787	5528
2788	5529
2789	5530
2790	5531
2791	5532
2792	5533
2793	5534
2794	5535
2795	5536
2796	5537
2797	5538
2798	5539
2799	5540
2800	5541
2801	5542
2802	5543
2803	5544
2804	5545
2805	5546
2806	5547
2807	5548
2808	5549
2809	5550
2810	5551
2811	5552
2812	5553
2813	5554
2814	5555
2815	5556
2816	5557
2817	5558
2818	5559
2819	5560
2820	5561
2821	5562
2822	5563
2823	5564
2824	5565
2825	5566
2826	5567
2827	5568
2828	5569
2829	5570
2830	5571
2831	5572
2832	5573
2833	5574
2834	5575
2835	5576
2836	5577
2837	5578
2838	5579
2839	5580
2840	5581
2841	5582
2842	5583
2843	5584
2844	5585
2845	5586
2846	5587
2847	5588
2848	5589
2849	5590
2850	5591
2851	5592
2852	5593
2853	5594
2854	5595
2855	5596
2856	5597
2857	5598
2858	5599
2859	5600
2860	5601
2861	5602
2862	5603
2863	5604
2864	5605
2865	5606
2866	5607
2867	5608
2868	5609
2869	5610
2870	5611
2871	5612
2872	5613
2873	5614
2874	5615
2875	5616
2876	5617
2877	5618
2878	5619
2879	5620
2880	5621
2881	5622
2882	5623
2883	5624
2884	5625
2885	5626
2886	5627
2887	5628
2888	5629
2889	5630
2890	5631
2891	5632
2892	5633
2893	5634
2894	5635
2895	5636
2896	5637
2897	5638
2898	5639
2899	5640
2900	5641
2901	5642
2902	5643
2903	5644
2904	5645
2905	5646
2906	5647
2907	5648
2908	5649
2909	5650
2910	5651
2911	5652
2912	5653
2913	5654
2914	5655
2915	5656
2916	5657
2917	5658
2918	5659
2919	5660
2920	5661
2921	5662
2922	5663
2923	5664
2924	5665
2925	5666
2926	5667
2927	5668
2928	5669
2929	5670
2930	5671
2931	5672
2932	5673
2933	5674
2934	5675
2935	5676
2936	5677
2937	5678
2938	5679
2939	5680
2940	5681
2941	5682
2942	5683
2943	5684
2944	5685
2945	5686
2946	5687
2947	5688
2948	5689
2949	5690
2950	5691
2951	5692
2952	5693
2953	5694
2954	5695
2955	5696
2956	5697
2957	5698
2958	5699
2959	5700
2960	5701
2961	5702
2962	5703
2963	5704
2964	5705
2965	5706
2966	5707
2967	5708
2968	5709
2969	5710
2970	5711
2971	5712
2972	5713
2973	5714
2974	5715
2975	5716
2976	5717
2977	5718
2978	5719
2979	5720
2980	5721
2981	5722
2982	5723
2983	5724
2984	5725
2985	5726
2986	5727
2987	5728
2988	5729
2989	5730
2990	5731
2991	5732
2992	5733
2993	5734
2994	5735
2995	5736
2996	5737
2997	5738
2998	5739
2999	5740
3000	5741
3001	5742
3002	5743
3003	5744
3004	5745
3005	5746
3006	5747
3007	5748
3008	5749
3009	5750
3010	5751
3011	5752
3012	5753
3013	5754
3014	5755
3015	5756
3016	5757
3017	5758
3018	5759
3019	5760
3020	5761
3021	5762
3022	5763
3023	5764
3024	5765
3025	5766
3026	5767
3027	5768
3028	5769
3029	5770
3030	5771
3031	5772
3032	5773
3033	5774
3034	5775
3035	5776
3036	5777
3037	5778
3038	5779
3039	5780
3040	5781
3041	5782
3042	5783
3043	5784
3044	5785
3045	5786
3046	5787
3047	5788
3048	5789
3049	5790
3050	5791
3051	5792
3052	5793
3053	5794
3054	5795
3055	5796
3056	5797
3057	5798
3058	5799
3059	5800
3060	5801
3061	5802
3062	5803
3063	5804
3064	5805
3065	5806
3066	5807
3067	5808
3068	5809
3069	5810
3070	5811
3071	5812
3072	5813
3073	5814
3074	5815
3075	5816
3076	5817
3077	5818
3078	5819
3079	5820
3080	5821
3081	5822
3082	5823
3083	5824
3084	5825
3085	5826
3086	5827
3087	5828
3088	5829
3089	5830
3090	5831
3091	5832
3092	5833
3093	5834
3094	5835
3095	5836
3096	5837
3097	5838
3098	5839
3099	5840
3100	5841
3101	5842
3102	5843
3103	5844
3104	5845
3105	5846
3106	5847
3107	5848
3108	5849
3109	5850
3110	5851
3111	5852
3112	5853
3113	5854
3114	5855
3115	5856
3116	5857
3117	5858
3118	5859
3119	5860
3120	5861
3121	5862
3122	5863
3123	5864
3124	5865
3125	5866
3126	5867
3127	5868
3128	5869
3129	5870
3130	5871
3131	5872
3132	5873
3133	5874
3134	5875
3135	5876
3136	5877
3137	5878
3138	5879
3139	5880
3140	5881
3141	5882
3142	5883
3143	5884
3144	5885
3145	5886
3146	5887
3147	5888
3148	5889
3149	5890
3150	5891
3151	5892
3152	5893
3153	5894
3154	5895
3155	5896
3156	5897
3157	5898
3158	5899
3159	5900
3160	5901
3161	5902
3162	5903
3163	5904
3164	5905
3165	5906
3166	5907
3167	5908
3168	5909
3169	5910
3170	5911
3171	5912
3172	5913
3173	5914
3174	5915
3175	5916
3176	5917
3177	5918
3178	5919
3179	5920
3180	5921
3181	5922
3182	5923
3183	5924
3184	5925
3185	5926
3186	5927
3187	5928
3188	5929
3189	5930
3190	5931
3191	5932
3192	5933
3193	5934
3194	5935
3195	5936
3196	5937
3197	5938
3198	5939
3199	5940
3200	5941
3201	5942
3202	5943
3203	5944
3204	5945
3205	5946
3206	5947
3207	5948
3208	5949
3209	5950
3210	5951
3211	5952
3212	5953
3213	5954
3214	5955
3215	5956
3216	5957
3217	5958
3218	5959
3219	5960
3220	5961
3221	5962
3222	5963
3223	5964
3224	5965
3225	5966
3226	5967
3227	5968
3228	5969
3229	5970
3230	5971
3231	5972
3232	5973
3233	5974
3234	5975
3235	5976
3236	5977
3237	5978
3238	5979
3239	5980
3240	5981
3241	5982
3242	5983
3243	5984
3244	5985
3245	5986
3246	5987
3247	5988
3248	5989
3249	5990
3250	5991
3251	5992
3252	5993
3253	5994
3254	5995
3255	5996
3256	5997
3257	5998
3258	5999
3259	6000
3260	6001
3261	6002
3262	6003
3263	6004
3264	6005
3265	6006
3266	6007
3267	6008
3268	6009
3269	6010
3270	6011
3271	6012
3272	6013
3273	6014
3274	6015
3275	6016
3276	6017
3277	6018
3278	6019
3279	6020
3280	6021
3281	6022
3282	6023
3283	6024
3284	6025
3285	6026
3286	6027
3287	6028
3288	6029
3289	6030
3290	6031
3291	6032
3292	6033
3293	6034
3294	6035
3295	6036
3296	6037
3297	6038
3298	6039
3299	6040
3300	6041
3301	6042
3302	6043
3303	6044
3304	6045
3305	6046
3306	6047
3307	6048
3308	6049
3309	6050
3310	6051
3311	6052
3312	6053
3313	6054
3314	6055
3315	6056
3316	6057
3317	6058
3318	6059
3319	6060
3320	6061
3321	6062
3322	6063
3323	6064
3324	6065
3325	6066
3326	6067
3327	6068
3328	6069
3329	6070
3330	6071
3331	6072
3332	6073
3333	6074
3334	6075
3335	6076
3336	6077
3337	6078
3338	6079
3339	6080
3340	6081
3341	6082
3342	6083
3343	6084
3344	6085
3345	6086
3346	6087
3347	6088
3348	6089
3349	6090
3350	6091
3351	6092
3352	6093
3353	6094
3354	6095
3355	6096
3356	6097
3357	6098
3358	6099
3359	6100
3360	6101
3361	6102
3362	6103
3363	6104
3364	6105
3365	6106
3366	6107
3367	6108
3368	6109
3369	6110
3370	6111
3371	6112
3372	6113
3373	6114
3374	6115
3375	6116
3376	6117
3377	6118
3378	6119
3379	6120
3380	6121
3381	6122
3382	6123
3383	6124
3384	6125
3385	6126
3386	6127
3387	6128
3388	6129
3389	6130
3390	6131
3391	6132
3392	6133
3393	6134
3394	6135
3395	6136
3396	6137
3397	6138
3398	6139
3399	6140
3400	6141
3401	6142
3402	6143
3403	6144
3404	6145
3405	6146
3406	6147
3407	6148
3408	6149
3409	6150
3410	6151
3411	6152
3412	6153
3413	6154
3414	6155
3415	6156
3416	6157
3417	6158
3418	6159
3419	6160
3420	6161
3421	6162
3422	6163
3423	6164
3424	6165
3425	6166
3426	6167
3427	6168
3428	6169
3429	6170
3430	6171
3431	6172
3432	6173
3433	6174
3434	6175
3435	6176
3436	6177
3437	6178
3438	6179
3439	6180
3440	6181
3441	6182
3442	6183
3443	6184
3444	6185
3445	6186
3446	6187
3447	6188
3448	6189
3449	6190
3450	6191
3451	6192
3452	6193
3453	6194
3454	6195
3455	6196
3456	6197
3457	6198
3458	6199
3459	6200
3460	6201
3461	6202
3462	6203
3463	6204
3464	6205
3465	6206
3466	6207
3467	6208
3468	6209
3469	6210
3470	6211
3471	6212
3472	6213
3473	6214
3474	6215
3475	6216
3476	6217
3477	6218
3478	6219
3479	6220
3480	6221
3481	6222
3482	6223
3483	6224
3484	6225
3485	6226
3486	6227
3487	6228
3488	6229
3489	6230
3490	6231
3491	6232
3492	6233
3493	6234
3494	6235
3495	6236
3496	6237
3497	6238
3498	6239
3499	6240
3500	6241
3501	6242
3502	6243
3503	6244
3504	6245
3505	6246
3506	6247
3507	6248
3508	6249
3509	6250
3510	6251
3511	6252
3512	6253
3513	6254
3514	6255
3515	6256
3516	6257
3517	6258
3518	6259
3519	6260
3520	6261
3521	6262
3522	6263
3523	6264
3524	6265
3525	6266
3526	6267
3527	6268
3528	6269
3529	6270
3530	6271
3531	6272
3532	6273
3533	6274
3534	6275
3535	6276
3536	6277
3537	6278
3538	6279
3539	6280
3540	6281
3541	6282
3542	6283
3543	6284
3544	6285
3545	6286
3546	6287
3547	6288
3548	6289
3549	6290
3550	6291
3551	6292
3552	6293
3553	6294
3554	6295
3555	6296
3556	6297
3557	6298
3558	6299
3559	6300
3560	6301
3561	6302
3562	6303
3563	6304
3564	6305
3565	6306
3566	6307
3567	6308
3568	6309
3569	6310
3570	6311
3571	6312
3572	6313
3573	6314
3574	6315
3575	6316
3576	6317
3577	6318
3578	6319
3579	6320
3580	6321
3581	6322
3582	6323
3583	6324
3584	6325
3585	6326
3586	6327
3587	6328
3588	6329
3589	6330
3590	6331
3591	6332
3592	6333
3593	6334
3594	6335
3595	6336
3596	6337
3597	6338
3598	6339
3599	6340
3600	6341
3601	6342
3602	6343
3603	6344
3604	6345
3605	6346
3606	6347
3607	6348
3608	6349
3609	6350
3610	6351
3611	6352
3612	6353
3613	6354
3614	6355
3615	6356
3616	6357
3617	6358
3618	6359
3619	6360
3620	6361
3621	6362
3622	6363
3623	6364
3624	6365
3625	6366
3626	6367
3627	6368
3628	6369
3629	6370
3630	6371
3631	6372
3632	6373
3633	6374
3634	6375
3635	6376
3636	6377
3637	6378
3638	6379
3639	6380
3640	6381
3641	6382
3642	6383
3643	6384
3644	6385
3645	6386
3646	6387
3647	6388
3648	6389
3649	6390
3650	6391
3651	6392
3652	6393
3653	6394
3654	6395
3655	6396
3656	6397
3657	6398
3658	6399
3659	6400
3660	6401
3661	6402
3662	6403
3663	6404
3664	6405
3665	6406
3666	6407
3667	6408
3668	6409
3669	6410
3670	6411
3671	6412
3672	6413
3673	6414
3674	6415
3675	6416
3676	6417
3677	6418
3678	6419
3679	6420
3680	6421
3681	6422
3682	6423
3683	6424
3684	6425
3685	6426
3686	6427
3687	6428
3688	6429
3689	6430
3690	6431
3691	6432
3692	6433
3693	6434
3694	6435
3695	6436
3696	6437
3697	6438
3698	6439
3699	6440
3700	6441
3701	6442
3702	6443
3703	6444
3704	6445
3705	6446
3706	6447
3707	6448
3708	6449
3709	6450
3710	6451
3711	6452
3712	6453
3713	6454
3714	6455
3715	6456
3716	6457
3717	6458
3718	6459
3719	6460
3720	6461
3721	6462
3722	6463
3723	6464
3724	6465
3725	6466
3726	6467
3727	6468
3728	6469
3729	6470
3730	6471
3731	6472
3732	6473
3733	6474
3734	6475
3735	6476
3736	6477
3737	6478
3738	6479
3739	6480
3740	6481
3741	6482
3742	6483
3743	6484
3744	6485
3745	6486
3746	6487
3747	6488
3748	6489
3749	6490
3750	6491
3751	6492
3752	6493
3753	6494
3754	6495
3755	6496
3756	6497
3757	6498
3758	6499
3759	6500
3760	6501
3761	6502
3762	6503
3763	6504
3764	6505
3765	6506
3766	6507
3767	6508
3768	6509
3769	6510
3770	6511
3771	6512
3772	6513
3773	6514
3774	6515
3775	6516
3776	6517
3777	6518
3778	6519
3779	6520
3780	6521
3781	6522
3782	6523
3783	6524
3784	6525
3785	6526
3786	6527
3787	6528
3788	6529
3789	6530
3790	6531
3791	6532
3792	6533
3793	6534
3794	6535
3795	6536
3796	6537
3797	6538
3798	6539
3799	6540
3800	6541
3801	6542
3802	6543
3803	6544
3804	6545
3805	6546
3806	6547
3807	6548
3808	6549
3809	6550
3810	6551
3811	6552
3812	6553
3813	6554
3814	6555
3815	6556
3816	6557
3817	6558
3818	6559
3819	6560
3820	6561
3821	6562
3822	6563
3823	6564
3824	6565
3825	6566
3826	6567
3827	6568
3828	6569
3829	6570
3830	6571
3831	6572
3832	6573
3833	6574
3834	6575
3835	6576
3836	6577
3837	6578
3838	6579
3839	6580
3840	6581
3841	6582
3842	6583
3843	6584
3844	6585
3845	6586
3846	6587
3847	6588
3848	6589
3849	6590
3850	6591
3851	6592
3852	6593
3853	6594
3854	6595
3855	6596
3856	6597
3857	6598
3858	6599
3859	6600
3860	6601
3861	6602
3862	6603
3863	6604
3864	6605
3865	6606
3866	6607
3867	6608
3868	6609
3869	6610
3870	6611
3871	6612
3872	6613
3873	6614
3874	6615
3875	6616
3876	6617
3877	6618
3878	6619
3879	6620
3880	6621
3881	6622
3882	6623
3883	6624
3884	6625
3885	6626
3886	6627
3887	6628
3888	6629
3889	6630
3890	6631
3891	6632
3892	6633
3893	6634
3894	6635
3895	6636
3896	6637
3897	6638
3898	6639
3899	6640
3900	6641
3901	6642
3902	6643
3903	6644
3904	6645
3905	6646
3906	6647
3907	6648
3908	6649
3909	6650
3910	6651
3911	6652
3912	6653
3913	6654
3914	6655
3915	6656
3916	6657
3917	6658
3918	6659
3919	6660
3920	6661
3921	6662
3922	6663
3923	6664
3924	6665
3925	6666
3926	6667
3927	6668
3928	6669
3929	6670
3930	6671
3931	6672
3932	6673
3933	6674
3934	6675
3935	6676
3936	6677
3937	6678
3938	6679
3939	6680
3940	6681
3941	6682
3942	6683
3943	6684
3944	6685
3945	6686
3946	6687
3947	6688
3948	6689
3949	6690
3950	6691
3951	6692
3952	6693
3953	6694
3954	6695
3955	6696
3956	6697
3957	6698
3958	6699
3959	6700
3960	6701
3961	6702
3962	6703
3963	6704
3964	6705
3965	6706
3966	6707
3967	6708
3968	6709
3969	6710
3970	6711
3971	6712
3972	6713
3973	6714
3974	6715
3975	6716
3976	6717
3977	6718
3978	6719
3979	6720
3980	6721
3981	6722
3982	6723
3983	6724
3984	6725
3985	6726
3986	6727
3987	6728
3988	6729
3989	6730
3990	6731
3991	6732
3992	6733
3993	6734
3994	6735
3995	6736
3996	6737
3997	6738
3998	6739
3999	6740
4000	6741
4001	6742
4002	6743
4003	6744
4004	6745
4005	6746
4006	6747
4007	6748
4008	6749
4009	6750
4010	6751
4011	6752
4012	6753
4013	6754
4014	6755
4015	6756
4016	6757
4017	6758
4018	6759
4019	6760
4020	6761
4021	6762
4022	6763
4023	6764
4024	6765
4025	6766
4026	6767
4027	6768
4028	6769
4029	6770
4030	6771
4031	6772
4032	6773
4033	6774
4034	6775
4035	6776
4036	6777
4037	6778
4038	6779
4039	6780
4040	6781
4041	6782
4042	6783
4043	6784
4044	6785
4045	6786
4046	6787
4047	6788
4048	6789
4049	6790
4050	6791
4051	6792
4052	6793
4053	6794
4054	6795
4055	6796
4056	6797
4057	6798
4058	6799
4059	6800
4060	6801
4061	6802
4062	6803
4063	6804
4064	6805
4065	6806
4066	6807
4067	6808
4068	6809
4069	6810
4070	6811
4071	6812
4072	6813
4073	6814
4074	6815
4075	6816
4076	6817
4077	6818
4078	6819
4079	6820
4080	6821
4081	6822
4082	6823
4083	6824
4084	6825
4085	6826
4086	6827
4087	6828
4088	6829
4089	6830
4090	6831
4091	6832
4092	6833
4093	6834
4094	6835
4095	6836
4096	6837
4097	6838
4098	6839
4099	6840
4100	6841
4101	6842
4102	6843
4103	6844
4104	6845
4105	6846
4106	6847
4107	6848
4108	6849
4109	6850
4110	6851
4111	6852
4112	6853
4113	6854
4114	6855
4115	6856
4116	6857
4117	6858
4118	6859
4119	6860
4120	6861
4121	6862
4122	6863
4123	6864
4124	6865
4125	6866
4126	6867
4127	6868
4128	6869
4129	6870
4130	6871
4131	6872
4132	6873
4133	6874
4134	6875
4135	6876
4136	6877
4137	6878
4138	6879
4139	6880
4140	6881
4141	6882
4142	6883
4143	6884
4144	6885
4145	6886
4146	6887
4147	6888
4148	6889
4149	6890
4150	6891
4151	6892
4152	6893
4153	6894
4154	6895
4155	6896
4156	6897
4157	6898
4158	6899
4159	6900
4160	6901
4161	6902
4162	6903
4163	6904
4164	6905
4165	6906
4166	6907
4167	6908
4168	6909
4169	6910
4170	6911
4171	6912
4172	6913
4173	6914
4174	6915
4175	6916
4176	6917
4177	6918
4178	6919
4179	6920
4180	6921
4181	6922
4182	6923
4183	6924
4184	6925
4185	6926
4186	6927
4187	6928
4188	6929
4189	6930
4190	6931
4191	6932
4192	6933
4193	6934
4194	6935
4195	6936
4196	6937
4197	6938
4198	6939
4199	6940
4200	6941
4201	6942
4202	6943
4203	6944
4204	6945
4205	6946
4206	6947
4207	6948
4208	6949
4209	6950
4210	6951
4211	6952
4212	6953
4213	6954
4214	6955
4215	6956
4216	6957
4217	6958
4218	6959
4219	6960
4220	6961
4221	6962
4222	6963
4223	6964
4224	6965
4225	6966
4226	6967
4227	6968
4228	6969
4229	6970
4230	6971
4231	6972
4232	6973
4233	6974
4234	6975
4235	6976
4236	6977
4237	6978
4238	6979
4239	6980
4240	6981
4241	6982
4242	6983
4243	6984
4244	6985
4245	6986
4246	6987
4247	6988
4248	6989
4249	6990
4250	6991
4251	6992
4252	6993
4253	6994
4254	6995
4255	6996
4256	6997
4257	6998
4258	6999
4259	7000
4260	7001
4261	7002
4262	7003
4263	7004
4264	7005
4265	7006
4266	7007
4267	7008
4268	7009
4269	7010
4270	7011
4271	7012
4272	7013
4273	7014
4274	7015
4275	7016
4276	7017
4277	7018
4278	7019
4279	7020
4280	7021
4281	7022
4282	7023
4283	7024
4284	7025
4285	7026
4286	7027
4287	7028
4288	7029
4289	7030
4290	7031
4291	7032
4292	7033
4293	7034
4294	7035
4295	7036
4296	7037
4297	7038
4298	7039
4299	7040
4300	7041
4301	7042
4302	7043
4303	7044
4304	7045
4305	7046
4306	7047
4307	7048
4308	7049
4309	7050
4310	7051
4311	7052
4312	7053
4313	7054
4314	7055
4315	7056
4316	7057
4317	7058
4318	7059
4319	7060
4320	7061
4321	7062
4322	7063
4323	7064
4324	7065
4325	7066
4326	7067
4327	7068
4328	7069
4329	7070
4330	7071
4331	7072
4332	7073
4333	7074
4334	7075
4335	7076
4336	7077
4337	7078
4338	7079
4339	7080
4340	7081
4341	7082
4342	7083
4343	7084
4344	7085
4345	7086
4346	7087
4347	7088
4348	7089
4349	7090
4350	7091
4351	7092
4352	7093
4353	7094
4354	7095
4355	7096
4356	7097
4357	7098
4358	7099
4359	7100
4360	7101
4361	7102
4362	7103
4363	7104
4364	7105
4365	7106
4366	7107
4367	7108
4368	7109
4369	7110
4370	7111
4371	7112
4372	7113
4373	7114
4374	7115
4375	7116
4376	7117
4377	7118
4378	7119
4379	7120
4380	7121
4381	7122
4382	7123
4383	7124
4384	7125
4385	7126
4386	7127
4387	7128
4388	7129
4389	7130
4390	7131
4391	7132
4392	7133
4393	7134
4394	7135
4395	7136
4396	7137
4397	7138
4398	7139
4399	7140
4400	7141
4401	7142
4402	7143
4403	7144
4404	7145
4405	7146
4406	7147
4407	7148
4408	7149
4409	7150
4410	7151
4411	7152
4412	7153
4413	7154
4414	7155
4415	7156
4416	7157
4417	7158
4418	7159
4419	7160
4420	7161
4421	7162
4422	7163
4423	7164
4424	7165
4425	7166
4426	7167
4427	7168
4428	7169
4429	7170
4430	7171
4431	7172
4432	7173
4433	7174
4434	7175
4435	7176
4436	7177
4437	7178
4438	7179
4439	7180
4440	7181
4441	7182
4442	7183
4443	7184
4444	7185
4445	7186
4446	7187
4447	7188
4448	7189
4449	7190
4450	7191
4451	7192
4452	7193
4453	7194
4454	7195
4455	7196
4456	7197
4457	7198
4458	7199
4459	7200
4460	7201
4461	7202
4462	7203
4463	7204
4464	7205
4465	7206
4466	7207
4467	7208
4468	7209
4469	7210
4470	7211
4471	7212
4472	7213
4473	7214
4474	7215
4475	7216
4476	7217
4477	7218
4478	7219
4479	7220
4480	7221
4481	7222
4482	7223
4483	7224
4484	7225
4485	7226
4486	7227
4487	7228
4488	7229
4489	7230
4490	7231
4491	7232
4492	7233
4493	7234
4494	7235
4495	7236
4496	7237
4497	7238
4498	7239
4499	7240
4500	7241
4501	7242
4502	7243
4503	7244
4504	7245
4505	7246
4506	7247
4507	7248
4508	7249
4509	7250
4510	7251
4511	7252
4512	7253
4513	7254
4514	7255
4515	7256
4516	7257
4517	7258
4518	7259
4519	7260
4520	7261
4521	7262
4522	7263
4523	7264
4524	7265
4525	7266
4526	7267
4527	7268
4528	7269
4529	7270
4530	7271
4531	7272
4532	7273
4533	7274
4534	7275
4535	7276
4536	7277
4537	7278
4538	7279
4539	7280
4540	7281
4541	7282
4542	7283
4543	7284
4544	7285
4545	7286
4546	7287
4547	7288
4548	7289
4549	7290
4550	7291
4551	7292
4552	7293
4553	7294
4554	7295
4555	7296
4556	7297
4557	7298
4558	7299
4559	7300
4560	7301
4561	7302
4562	7303
4563	7304
4564	7305
4565	7306
4566	7307
4567	7308
4568	7309
4569	7310
4570	7311
4571	7312
4572	7313
4573	7314
4574	7315
4575	7316
4576	7317
4577	7318
4578	7319
4579	7320
4580	7321
4581	7322
4582	7323
4583	7324
4584	7325
4585	7326
4586	7327
4587	7328
4588	7329
4589	7330
4590	7331
4591	7332
4592	7333
4593	7334
4594	7335
4595	7336
4596	7337
4597	7338
4598	7339
4599	7340
4600	7341
4601	7342
4602	7343
4603	7344
4604	7345
4605	7346
4606	7347
4607	7348
4608	7349
4609	7350
4610	7351
4611	7352
4612	7353
4613	7354
4614	7355
4615	7356
4616	7357
4617	7358
4618	7359
4619	7360
4620	7361
4621	7362
4622	7363
4623	7364
4624	7365
4625	7366
4626	7367
4627	7368
4628	7369
4629	7370
4630	7371
4631	7372
4632	7373
4633	7374
4634	7375
4635	7376
4636	7377
4637	7378
4638	7379
4639	7380
4640	7381
4641	7382
4642	7383
4643	7384
4644	7385
4645	7386
4646	7387
4647	7388
4648	7389
4649	7390
4650	7391
4651	7392
4652	7393
4653	7394
4654	7395
4655	7396
4656	7397
4657	7398
4658	7399
4659	7400
4660	7401
4661	7402
4662	7403
4663	7404
4664	7405
4665	7406
4666	7407
4667	7408
4668	7409
4669	7410
4670	7411
4671	7412
4672	7413
4673	7414
4674	7415
4675	7416
4676	7417
4677	7418
4678	7419
4679	7420
4680	7421
4681	7422
4682	7423
4683	7424
4684	7425
4685	7426
4686	7427
4687	7428
4688	7429
4689	7430
4690	7431
4691	7432
4692	7433
4693	7434
4694	7435
4695	7436
4696	7437
4697	7438
4698	7439
4699	7440
4700	7441
4701	7442
4702	7443
4703	7444
4704	7445
4705	7446
4706	7447
4707	7448
4708	7449
4709	7450
4710	7451
4711	7452
4712	7453
4713	7454
4714	7455
4715	7456
4716	7457
4717	7458
4718	7459
4719	7460
4720	7461
4721	7462
4722	7463
4723	7464
4724	7465
4725	7466
4726	7467
4727	7468
4728	7469
4729	7470
4730	7471
4731	7472
4732	7473
4733	7474
4734	7475
4735	7476
4736	7477
4737	7478
4738	7479
4739	7480
4740	7481
4741	7482
4742	7483
4743	7484
4744	7485
4745	7486
4746	7487
4747	7488
4748	7489
4749	7490
4750	7491
4751	7492
4752	7493
4753	7494
4754	7495
4755	7496
4756	7497
4757	7498
4758	7499
4759	7500
4760	7501
