	id	word
0	2741	FLK
1	2742	TGLS
2	2743	RLLG
3	2744	YAH
4	2745	DSDS
5	2746	MKG
6	2747	MNN
7	2748	RFV
8	2749	PLC
9	2750	WQA
10	2751	KPR
11	2752	QAAS
12	2753	MGY
13	2754	MVT
14	2755	HAV
15	2756	PEI
16	2757	ESN
17	2758	CLS
18	2759	QYD
19	2760	LKAN
20	2761	LLKA
21	2762	KDLS
22	2763	PRHG
23	2764	RF
24	2765	PPSS
25	2766	ĠMAS
26	2767	PPKK
27	2768	YRH
28	2769	QKEI
29	2770	VVT
30	2771	SSNS
31	2772	LELQ
32	2773	ELGS
33	2774	TSPS
34	2775	LFN
35	2776	AR
36	2777	ISM
37	2778	PSLR
38	2779	QRQ
39	2780	CPF
40	2781	FTV
41	2782	MRA
42	2783	G
43	2784	RR
44	2785	LNF
45	2786	EDI
46	2787	RPS
47	2788	IIT
48	2789	QDT
49	2790	LCN
50	2791	LREI
51	2792	FLA
52	2793	LYG
53	2794	LIAA
54	2795	LLVS
55	2796	EY
56	2797	MQQ
57	2798	QDD
58	2799	QQRR
59	2800	SSTS
60	2801	KQ
61	2802	CTS
62	2803	LEM
63	2804	DDS
64	2805	HGT
65	2806	TVLL
66	2807	LGLS
67	2808	LDI
68	2809	NFT
69	2810	DPG
70	2811	KELS
71	2812	ASAA
72	2813	DGW
73	2814	YCV
74	2815	LLLH
75	2816	LALH
76	2817	ELR
77	2818	LILT
78	2819	NTT
79	2820	MS
80	2821	HYT
81	2822	EAGS
82	2823	EESD
83	2824	EDDS
84	2825	RPW
85	2826	ASPQ
86	2827	FQG
87	2828	LVKS
88	2829	LGGG
89	2830	RY
90	2831	YLS
91	2832	RET
92	2833	LLLN
93	2834	TITS
94	2835	PFS
95	2836	YK
96	2837	CKG
97	2838	HSG
98	2839	RVLR
99	2840	LPTV
100	2841	RSRSRS
101	2842	LQPG
102	2843	KPS
103	2844	LII
104	2845	ESI
105	2846	AKEA
106	2847	FHV
107	2848	DAER
108	2849	ERLL
109	2850	HQF
110	2851	NPP
111	2852	LPGD
112	2853	KLEE
113	2854	QAF
114	2855	LKNS
115	2856	ISH
116	2857	EVAK
117	2858	CVG
118	2859	NQQ
119	2860	PEW
120	2861	LGPS
121	2862	EVKK
122	2863	WY
123	2864	QEES
124	2865	MQI
125	2866	DTAA
126	2867	RKK
127	2868	RRRSRS
128	2869	YTT
129	2870	ELDS
130	2871	PCS
131	2872	QLN
132	2873	LEAI
133	2874	PLY
134	2875	LSV
135	2876	KDLL
136	2877	LPT
137	2878	EMG
138	2879	LPEV
139	2880	KC
140	2881	LLLQ
141	2882	RFW
142	2883	ESLK
143	2884	NQS
144	2885	VSD
145	2886	EVW
146	2887	KAW
147	2888	MDG
148	2889	DD
149	2890	EA
150	2891	GGLD
151	2892	FKK
152	2893	KSD
153	2894	EKGD
154	2895	ATAA
155	2896	HPS
156	2897	RRW
157	2898	AQEA
158	2899	TKT
159	2900	HAM
160	2901	YHS
161	2902	ETS
162	2903	KKLP
163	2904	LGVV
164	2905	LGAV
165	2906	ASSSS
166	2907	LTDPS
167	2908	TVRR
168	2909	LLT
169	2910	FLD
170	2911	QAI
171	2912	LGT
172	2913	FRV
173	2914	AW
174	2915	RFT
175	2916	YLE
176	2917	LELE
177	2918	VLV
178	2919	KMI
179	2920	LLEQ
180	2921	GA
181	2922	EGEG
182	2923	RMI
183	2924	MTD
184	2925	AEAA
185	2926	HDD
186	2927	DELR
187	2928	LNN
188	2929	LPGV
189	2930	FC
190	2931	PGGG
191	2932	ASLI
192	2933	EKRS
193	2934	MGT
194	2935	GSH
195	2936	VK
196	2937	CHV
197	2938	PTAV
198	2939	FMS
199	2940	LSF
200	2941	DIN
201	2942	RPK
202	2943	PEF
203	2944	PSPA
204	2945	KLM
205	2946	LCV
206	2947	NAV
207	2948	LKLE
208	2949	FES
209	2950	EEAT
210	2951	RHS
211	2952	AIG
212	2953	QLLS
213	2954	DSAS
214	2955	RKRK
215	2956	EAIV
216	2957	PPPV
217	2958	KEVV
218	2959	CIN
219	2960	AII
220	2961	EKT
221	2962	ILL
222	2963	NKS
223	2964	CVV
224	2965	TST
225	2966	RQV
226	2967	PRK
227	2968	TAA
228	2969	FKP
229	2970	YYT
230	2971	LGAG
231	2972	EEM
232	2973	QLR
233	2974	LRV
234	2975	LSLR
235	2976	AQT
236	2977	YNS
237	2978	LDES
238	2979	RWG
239	2980	CGHC
240	2981	DSG
241	2982	APLT
242	2983	YRN
243	2984	NSD
244	2985	FQN
245	2986	LYV
246	2987	MID
247	2988	QTS
248	2989	HLM
249	2990	FIV
250	2991	ASRG
251	2992	MLI
252	2993	FRD
253	2994	CKN
254	2995	KHG
255	2996	CAS
256	2997	ECS
257	2998	III
258	2999	RSSS
259	3000	RGSS
260	3001	DR
261	3002	AST
262	3003	NRF
263	3004	LPNG
264	3005	TSGI
265	3006	CSV
266	3007	EGD
267	3008	PND
268	3009	EVKS
269	3010	MAF
270	3011	LPPV
271	3012	AV
272	3013	KEGI
273	3014	KAS
274	3015	QQM
275	3016	VSI
276	3017	LAQ
277	3018	FPY
278	3019	KEE
279	3020	DGVS
280	3021	NPT
281	3022	LDAA
282	3023	EEEA
283	3024	MQT
284	3025	EGPS
285	3026	HPQ
286	3027	TGTS
287	3028	EQLE
288	3029	GGS
289	3030	ELD
290	3031	HVT
291	3032	EEKV
292	3033	ALDS
293	3034	EKMT
294	3035	YNG
295	3036	QQQQ
296	3037	DH
297	3038	EFS
298	3039	ECI
299	3040	TDG
300	3041	LRW
301	3042	MMS
302	3043	LADS
303	3044	EREQ
304	3045	CQK
305	3046	IEE
306	3047	RFG
307	3048	ALVS
308	3049	ATDA
309	3050	KPI
310	3051	APD
311	3052	KKGK
312	3053	ARAA
313	3054	RSH
314	3055	YHG
315	3056	RLG
316	3057	MLK
317	3058	GGGG
318	3059	KNT
319	3060	KEV
320	3061	AEPS
321	3062	MEI
322	3063	IM
323	3064	SSSG
324	3065	EVAA
325	3066	FYN
326	3067	FS
327	3068	QKG
328	3069	KIEE
329	3070	PELR
330	3071	ID
331	3072	MGI
332	3073	EKLP
333	3074	LKRK
334	3075	LVGS
335	3076	YPW
336	3077	LLGV
337	3078	EILK
338	3079	IP
339	3080	PQDV
340	3081	LSGS
341	3082	YRD
342	3083	QQLV
343	3084	LLPV
344	3085	TVC
345	3086	AGG
346	3087	QKT
347	3088	TSGD
348	3089	LLY
349	3090	ELS
350	3091	AIS
351	3092	ERD
352	3093	ALLG
353	3094	ĠMAAS
354	3095	YLM
355	3096	EDLE
356	3097	KAKK
357	3098	KKI
358	3099	YLQ
359	3100	PTPG
360	3101	LNI
361	3102	ELI
362	3103	NCS
363	3104	HPF
364	3105	RLLS
365	3106	PAV
366	3107	AGI
367	3108	NHP
368	3109	NEG
369	3110	YLR
370	3111	TAS
371	3112	EES
372	3113	ECLK
373	3114	KVTV
374	3115	EALE
375	3116	LEEG
376	3117	AMV
377	3118	CSI
378	3119	LFV
379	3120	REES
380	3121	LSQS
381	3122	EKLG
382	3123	WH
383	3124	HER
384	3125	HEE
385	3126	LKLK
386	3127	TPSS
387	3128	EGPG
388	3129	QKA
389	3130	ERT
390	3131	AEG
391	3132	APED
392	3133	AKEI
393	3134	MTS
394	3135	RGKQ
395	3136	DAA
396	3137	EKEK
397	3138	PSRS
398	3139	GGRR
399	3140	LVAA
400	3141	QHS
401	3142	QDLK
402	3143	FGLA
403	3144	RVW
404	3145	LAGG
405	3146	RSV
406	3147	TGTV
407	3148	EKG
408	3149	LIN
409	3150	LYDI
410	3151	EVLY
411	3152	RDW
412	3153	QRP
413	3154	LRF
414	3155	HR
415	3156	FRQ
416	3157	FFG
417	3158	NDD
418	3159	ESM
419	3160	TPAS
420	3161	MN
421	3162	KLF
422	3163	FDG
423	3164	QLE
424	3165	LDEA
425	3166	LEEI
426	3167	RLN
427	3168	WAK
428	3169	LSEG
429	3170	KSGS
430	3171	IVG
431	3172	IS
432	3173	RA
433	3174	ET
434	3175	VGT
435	3176	WT
436	3177	YEE
437	3178	LT
438	3179	NLS
439	3180	NGV
440	3181	AVTT
441	3182	ECG
442	3183	IVT
443	3184	LLC
444	3185	QKLQ
445	3186	WAP
446	3187	CTG
447	3188	YPS
448	3189	RIV
449	3190	NRS
450	3191	EGLL
451	3192	QST
452	3193	PKS
453	3194	CRC
454	3195	PQLQ
455	3196	LREA
456	3197	FNI
457	3198	EPM
458	3199	YMN
459	3200	LQLE
460	3201	LR
461	3202	QLEE
462	3203	GQSSS
463	3204	SS
464	3205	APQ
465	3206	ARER
466	3207	KLL
467	3208	GADS
468	3209	CEH
469	3210	LMW
470	3211	HAS
471	3212	GD
472	3213	LEW
473	3214	KKII
474	3215	PPAS
475	3216	KAMG
476	3217	MW
477	3218	RIT
478	3219	HFD
479	3220	NGT
480	3221	AAPA
481	3222	KCV
482	3223	AWS
483	3224	NDV
484	3225	EREE
485	3226	GP
486	3227	LRAK
487	3228	GGGGG
488	3229	MKH
489	3230	KWS
490	3231	FQI
491	3232	HFG
492	3233	ISEQ
493	3234	ARW
494	3235	RPD
495	3236	RAEA
496	3237	LLLD
497	3238	PEE
498	3239	AHV
499	3240	QRK
500	3241	ASKG
501	3242	GSW
502	3243	LD
503	3244	KSM
504	3245	QEK
505	3246	AEF
506	3247	AYT
507	3248	QQQQQQQQ
508	3249	RES
509	3250	DDEV
510	3251	LDSG
511	3252	QPK
512	3253	A
513	3254	RDI
514	3255	ARG
515	3256	MLG
516	3257	LLTS
517	3258	WRV
518	3259	LARD
519	3260	NAT
520	3261	LPDD
521	3262	QVC
522	3263	EEEK
523	3264	NTD
524	3265	PPAV
525	3266	LEGV
526	3267	RLV
527	3268	WLT
528	3269	PQQ
529	3270	ND
530	3271	FPI
531	3272	LFG
532	3273	KLR
533	3274	KIS
534	3275	RELA
535	3276	LEDF
536	3277	KYV
537	3278	LQSV
538	3279	VPAS
539	3280	KAV
540	3281	LREM
541	3282	YRQ
542	3283	YHT
543	3284	LELA
544	3285	LERS
545	3286	FRR
546	3287	ĠMS
547	3288	PNG
548	3289	PLT
549	3290	QVD
550	3291	DTAG
551	3292	QLSS
552	3293	KLK
553	3294	LVC
554	3295	LPLP
555	3296	PSLT
556	3297	LTES
557	3298	REK
558	3299	LAEA
559	3300	LDH
560	3301	WEN
561	3302	LSI
562	3303	ETEE
563	3304	EDV
564	3305	ELQS
565	3306	RSG
566	3307	HEK
567	3308	HW
568	3309	LLEV
569	3310	GSTS
570	3311	MAC
571	3312	PFV
572	3313	KKG
573	3314	AALS
574	3315	PGDS
575	3316	GGD
576	3317	QNI
577	3318	EAER
578	3319	KQLR
579	3320	LQAA
580	3321	HVG
581	3322	QEH
582	3323	LQC
583	3324	ESDS
584	3325	QT
585	3326	APPG
586	3327	EVN
587	3328	ALQS
588	3329	RLQ
589	3330	LASS
590	3331	QQLL
591	3332	YPI
592	3333	RPN
593	3334	RPF
594	3335	LALD
595	3336	CF
596	3337	PSG
597	3338	FQP
598	3339	YYG
599	3340	IID
600	3341	NAK
601	3342	KLQ
602	3343	FLG
603	3344	EQLS
604	3345	EGLD
605	3346	FST
606	3347	NYS
607	3348	KHT
608	3349	PSYSPTSPSYSPTS
609	3350	EHV
610	3351	PHD
611	3352	HRR
612	3353	NQP
613	3354	HKA
614	3355	LLET
615	3356	YMD
616	3357	LSST
617	3358	AIV
618	3359	QQTT
619	3360	SSAV
620	3361	CDF
621	3362	GGGGGGGG
622	3363	WPS
623	3364	RYS
624	3365	KQG
625	3366	EEEEEE
626	3367	QTAV
627	3368	HAG
628	3369	YPA
629	3370	CGI
630	3371	PPRG
631	3372	LNEE
632	3373	AYI
633	3374	HVI
634	3375	TKEE
635	3376	ĠMEE
636	3377	LLW
637	3378	DII
638	3379	HAI
639	3380	QPT
640	3381	EWV
641	3382	NSFV
642	3383	EKLQ
643	3384	MTP
644	3385	MPN
645	3386	RAT
646	3387	SSPT
647	3388	WMT
648	3389	LEDS
649	3390	PGPP
650	3391	LH
651	3392	NSS
652	3393	YKI
653	3394	NVV
654	3395	TSAA
655	3396	LDSS
656	3397	PSAA
657	3398	LTLN
658	3399	TAGS
659	3400	PGV
660	3401	EIT
661	3402	ĠMAAAA
662	3403	RSD
663	3404	WGS
664	3405	WKD
665	3406	FSH
666	3407	LDV
667	3408	RDV
668	3409	PKI
669	3410	EFG
670	3411	LKH
671	3412	RLW
672	3413	PRQ
673	3414	YQR
674	3415	MRS
675	3416	RQD
676	3417	MEV
677	3418	NKK
678	3419	YPD
679	3420	ASG
680	3421	RTS
681	3422	KALA
682	3423	LSRA
683	3424	NMS
684	3425	LDLQ
685	3426	CW
686	3427	PQPP
687	3428	HKP
688	3429	ELC
689	3430	TVRK
690	3431	LPN
691	3432	PSPG
692	3433	RALY
693	3434	ELEEQEQELEEQEQ
694	3435	QVG
695	3436	DY
696	3437	LAKD
697	3438	AELS
698	3439	ASPA
699	3440	AVN
700	3441	VG
701	3442	LSPG
702	3443	LSEN
703	3444	DAQ
704	3445	QWS
705	3446	QRF
706	3447	RRRG
707	3448	LG
708	3449	CAF
709	3450	KCD
710	3451	RRAA
711	3452	RNS
712	3453	LHT
713	3454	RRD
714	3455	RP
715	3456	QSI
716	3457	YQQ
717	3458	PAN
718	3459	ISKK
719	3460	W
720	3461	CVD
721	3462	NT
722	3463	TVTG
723	3464	QEQ
724	3465	GGRG
725	3466	YDG
726	3467	REI
727	3468	WKV
728	3469	ELQG
729	3470	FQR
730	3471	MAI
731	3472	LQDV
732	3473	HDV
733	3474	EED
734	3475	AAPAS
735	3476	PSI
736	3477	GK
737	3478	GGST
738	3479	CPG
739	3480	ETI
740	3481	DID
741	3482	QELS
742	3483	QAK
743	3484	RTPA
744	3485	TIT
745	3486	IEQ
746	3487	AFSS
747	3488	LKET
748	3489	EILI
749	3490	NLY
750	3491	LTT
751	3492	FRM
752	3493	LVLQ
753	3494	PGLE
754	3495	EQAA
755	3496	LEHS
756	3497	DRV
757	3498	RTD
758	3499	KLG
759	3500	ELLG
760	3501	NKN
761	3502	MAA
762	3503	CKT
763	3504	CED
764	3505	GGLS
765	3506	WTG
766	3507	YPN
767	3508	REN
768	3509	LLDD
769	3510	RKD
770	3511	LDLR
771	3512	FQV
772	3513	ECV
773	3514	NLV
774	3515	TPP
775	3516	LAY
776	3517	LKW
777	3518	RQN
778	3519	RGRK
779	3520	LTLT
780	3521	DVSS
781	3522	RGY
782	3523	WKN
783	3524	EQLI
784	3525	LLF
785	3526	KAQ
786	3527	FPF
787	3528	YPH
788	3529	YKD
789	3530	MSG
790	3531	AKAA
791	3532	HES
792	3533	LALT
793	3534	FKS
794	3535	CK
795	3536	QQEE
796	3537	AALA
797	3538	NLD
798	3539	LGPA
799	3540	YH
800	3541	VVV
801	3542	LA
802	3543	HPDTG
803	3544	PH
804	3545	ELRV
805	3546	RVH
806	3547	Ġ
807	3548	YED
808	3549	EKAK
809	3550	CEV
810	3551	REH
811	3552	LAGV
812	3553	EKKS
813	3554	APS
814	3555	AKG
815	3556	AID
816	3557	HSSS
817	3558	EALS
818	3559	LQLQ
819	3560	TSLL
820	3561	KKS
821	3562	AEI
822	3563	LPSG
823	3564	ASD
824	3565	IF
825	3566	LKEN
826	3567	SSSAS
827	3568	TLN
828	3569	EPD
829	3570	PQAS
830	3571	FER
831	3572	PK
832	3573	ISD
833	3574	KTT
834	3575	GVD
835	3576	RKLR
836	3577	EGLP
837	3578	LLAT
838	3579	QRI
839	3580	AGPS
840	3581	LKG
841	3582	RGAA
842	3583	FR
843	3584	MEM
844	3585	LSGK
845	3586	LTRD
846	3587	QLP
847	3588	HDG
848	3589	WTS
849	3590	LVEK
850	3591	DVN
851	3592	HY
852	3593	ISF
853	3594	PVV
854	3595	EEDV
855	3596	CYG
856	3597	TTD
857	3598	NYD
858	3599	PD
859	3600	AAGG
860	3601	GGPP
861	3602	PPQS
862	3603	QLQ
863	3604	FEK
864	3605	DDEE
865	3606	YEY
866	3607	RRLA
867	3608	MTT
868	3609	QKN
869	3610	EKN
870	3611	CQC
871	3612	FYV
872	3613	HSN
873	3614	GGPS
874	3615	KRY
875	3616	PLW
876	3617	AY
877	3618	FKD
878	3619	KVS
879	3620	HAA
880	3621	KNN
881	3622	AHG
882	3623	GGSI
883	3624	EKLT
884	3625	LGEE
885	3626	YMV
886	3627	MGS
887	3628	FVD
888	3629	CLW
889	3630	QEV
890	3631	LAA
891	3632	QMS
892	3633	LCS
893	3634	LVEE
894	3635	MG
895	3636	QV
896	3637	RVC
897	3638	GV
898	3639	CTI
899	3640	RQG
900	3641	EDLL
901	3642	LGNS
902	3643	LARA
903	3644	NRQ
904	3645	KGW
905	3646	QM
906	3647	QQI
907	3648	AKN
908	3649	YIS
909	3650	LET
910	3651	ELRS
911	3652	LPLL
912	3653	KLN
913	3654	NPM
914	3655	PVD
915	3656	FLV
916	3657	PPVV
917	3658	NAG
918	3659	DGRV
919	3660	ESPG
920	3661	AFD
921	3662	QF
922	3663	PKK
923	3664	LCT
924	3665	EFI
925	3666	PSAS
926	3667	WK
927	3668	FND
928	3669	PFT
929	3670	PIS
930	3671	KPM
931	3672	PRS
932	3673	LDAS
933	3674	RDLE
934	3675	PTI
935	3676	ETAA
936	3677	ASES
937	3678	MIG
938	3679	ARLQ
939	3680	PSGT
940	3681	EN
941	3682	RRRQ
942	3683	LALG
943	3684	AGM
944	3685	AGAR
945	3686	VV
946	3687	KK
947	3688	PRD
948	3689	AER
949	3690	LTV
950	3691	TSF
951	3692	AI
952	3693	WQQ
953	3694	KVT
954	3695	LHG
955	3696	EMS
956	3697	HV
957	3698	LAKV
958	3699	AKT
959	3700	QII
960	3701	WLQ
961	3702	QVV
962	3703	ARAG
963	3704	KIG
964	3705	TLG
965	3706	KPK
966	3707	ADLR
967	3708	LSPA
968	3709	DLF
969	3710	DDEEDDEE
970	3711	MEF
971	3712	TSC
972	3713	YLC
973	3714	QELL
974	3715	ILE
975	3716	LLKG
976	3717	TTS
977	3718	KSS
978	3719	LLLF
979	3720	IER
980	3721	HC
981	3722	EPTS
982	3723	KSDV
983	3724	LTPI
984	3725	NPD
985	3726	EQT
986	3727	MPP
987	3728	WQT
988	3729	GGN
989	3730	EPI
990	3731	TSLS
991	3732	KKLN
992	3733	CKK
993	3734	PGF
994	3735	KEG
995	3736	LGKD
996	3737	LSTI
997	3738	NFD
998	3739	REP
999	3740	CPK
1000	3741	RDRD
1001	3742	LGV
1002	3743	KKKI
1003	3744	LSLL
1004	3745	KEP
1005	3746	CFT
1006	3747	LHV
1007	3748	E
1008	3749	LVAV
1009	3750	LTLS
1010	3751	YLT
1011	3752	LAAG
1012	3753	PRV
1013	3754	LDC
1014	3755	LIDS
1015	3756	CFD
1016	3757	AELG
1017	3758	WEV
1018	3759	RAS
1019	3760	NHS
1020	3761	RAV
1021	3762	EIG
1022	3763	LTI
1023	3764	AGRI
1024	3765	LRAG
1025	3766	AKRK
1026	3767	PHS
1027	3768	LGKS
1028	3769	YAG
1029	3770	LSSV
1030	3771	LTAT
1031	3772	MF
1032	3773	NEE
1033	3774	SSSD
1034	3775	EPEP
1035	3776	CMV
1036	3777	LETV
1037	3778	EDED
1038	3779	QAV
1039	3780	ACD
1040	3781	AC
1041	3782	KFT
1042	3783	REM
1043	3784	YAT
1044	3785	LLKN
1045	3786	NTS
1046	3787	TV
1047	3788	HGI
1048	3789	YRR
1049	3790	DAV
1050	3791	WKG
1051	3792	AAAV
1052	3793	MR
1053	3794	ĠMAA
1054	3795	KVG
1055	3796	MVS
1056	3797	PPPR
1057	3798	CRS
1058	3799	NVSS
1059	3800	RTPP
1060	3801	LEKS
1061	3802	CLP
1062	3803	REDS
1063	3804	EAVS
1064	3805	RLD
1065	3806	QQT
1066	3807	RDLK
1067	3808	LPLD
1068	3809	CLK
1069	3810	NLC
1070	3811	LK
1071	3812	DGS
1072	3813	LALE
1073	3814	AWG
1074	3815	ERLG
1075	3816	FRS
1076	3817	PVPP
1077	3818	RKRR
1078	3819	QFI
1079	3820	CD
1080	3821	NKP
1081	3822	AVG
1082	3823	RELI
1083	3824	LRKQ
1084	3825	PQPQPQPQ
1085	3826	FQT
1086	3827	TSI
1087	3828	QY
1088	3829	YER
1089	3830	DLL
1090	3831	ADI
1091	3832	NQT
1092	3833	GGSS
1093	3834	LQD
1094	3835	PPH
1095	3836	SSLL
1096	3837	LLQA
1097	3838	EREK
1098	3839	FKN
1099	3840	MRD
1100	3841	VVGG
1101	3842	RALV
1102	3843	YNT
1103	3844	WSG
1104	3845	FLM
1105	3846	HI
1106	3847	KIN
1107	3848	PSSS
1108	3849	LLSV
1109	3850	HDF
1110	3851	QALL
1111	3852	MLP
1112	3853	PERR
1113	3854	YRK
1114	3855	LQAV
1115	3856	NVD
1116	3857	MQD
1117	3858	EASS
1118	3859	KALK
1119	3860	TKAQ
1120	3861	EGN
1121	3862	PGLQ
1122	3863	AKV
1123	3864	YAA
1124	3865	HPY
1125	3866	EAEE
1126	3867	RGFG
1127	3868	AKRR
1128	3869	CPD
1129	3870	EAVG
1130	3871	RRSRS
1131	3872	HHS
1132	3873	LTPS
1133	3874	PHI
1134	3875	RG
1135	3876	QYN
1136	3877	FY
1137	3878	PEV
1138	3879	EVES
1139	3880	AHT
1140	3881	KAM
1141	3882	WLY
1142	3883	LVEV
1143	3884	TLK
1144	3885	TS
1145	3886	C
1146	3887	REQ
1147	3888	LGTG
1148	3889	EEES
1149	3890	RKI
1150	3891	LRLE
1151	3892	HKD
1152	3893	LKEM
1153	3894	CCS
1154	3895	ALL
1155	3896	ESGS
1156	3897	KKT
1157	3898	TTT
1158	3899	LATG
1159	3900	LEAQ
1160	3901	RARS
1161	3902	EEAI
1162	3903	HYN
1163	3904	KAT
1164	3905	QLS
1165	3906	EEIG
1166	3907	RVLE
1167	3908	KD
1168	3909	FPA
1169	3910	HKI
1170	3911	NSG
1171	3912	WLW
1172	3913	PG
1173	3914	ESV
1174	3915	LSAI
1175	3916	MAQ
1176	3917	MLF
1177	3918	ESLE
1178	3919	LLDS
1179	3920	FT
1180	3921	NQV
1181	3922	WQG
1182	3923	YEF
1183	3924	WW
1184	3925	AKK
1185	3926	ERLR
1186	3927	PRGS
1187	3928	EKEG
1188	3929	PRT
1189	3930	LAKR
1190	3931	LMV
1191	3932	FDI
1192	3933	PST
1193	3934	EIVR
1194	3935	ETLK
1195	3936	ESQS
1196	3937	HTP
1197	3938	PATG
1198	3939	YN
1199	3940	VS
1200	3941	VVG
1201	3942	WFG
1202	3943	LAKI
1203	3944	KET
1204	3945	YEH
1205	3946	NAR
1206	3947	EKLL
1207	3948	QAW
1208	3949	NQK
1209	3950	ANT
1210	3951	WLR
1211	3952	KEN
1212	3953	KTV
1213	3954	MEP
1214	3955	LGG
1215	3956	FKV
1216	3957	ESPS
1217	3958	EELS
1218	3959	EVI
1219	3960	LIQQ
1220	3961	QGD
1221	3962	PQI
1222	3963	LGLP
1223	3964	RIH
1224	3965	RSLS
1225	3966	ARLR
1226	3967	QEN
1227	3968	LLPP
1228	3969	EAQS
1229	3970	PSYSPTS
1230	3971	REQQ
1231	3972	YKF
1232	3973	ADD
1233	3974	YLF
1234	3975	WEK
1235	3976	AAAAAA
1236	3977	MKT
1237	3978	LLM
1238	3979	LRRQ
1239	3980	NKF
1240	3981	ĠMAD
1241	3982	CII
1242	3983	NQR
1243	3984	QLY
1244	3985	LIG
1245	3986	FSN
1246	3987	WLE
1247	3988	KRK
1248	3989	AAAG
1249	3990	YGD
1250	3991	SSLE
1251	3992	RHG
1252	3993	WNT
1253	3994	FCG
1254	3995	EF
1255	3996	EKC
1256	3997	KYI
1257	3998	DV
1258	3999	LSAS
1259	4000	KPN
1260	4001	CIG
1261	4002	KVLG
1262	4003	VGI
1263	4004	AAKK
1264	4005	QELK
1265	4006	WRS
1266	4007	KALG
1267	4008	CQV
1268	4009	EEV
1269	4010	WDG
1270	4011	LLRA
1271	4012	RLC
1272	4013	DTEE
1273	4014	RSPV
1274	4015	NR
1275	4016	PFI
1276	4017	WFD
1277	4018	LEH
1278	4019	AMG
1279	4020	LID
1280	4021	LEPG
1281	4022	MRR
1282	4023	PRLL
1283	4024	DW
1284	4025	ACV
1285	4026	QRS
1286	4027	NET
1287	4028	REG
1288	4029	KIW
1289	4030	DIVS
1290	4031	KVLT
1291	4032	GI
1292	4033	EVY
1293	4034	NQE
1294	4035	RNLP
1295	4036	LGH
1296	4037	LKKG
1297	4038	FEH
1298	4039	HIT
1299	4040	TIS
1300	4041	WLS
1301	4042	AVGV
1302	4043	PAIV
1303	4044	NSI
1304	4045	LGY
1305	4046	MLH
1306	4047	LSH
1307	4048	PVNS
1308	4049	KETG
1309	4050	LQQI
1310	4051	YIV
1311	4052	HYD
1312	4053	TIG
1313	4054	KHI
1314	4055	YKS
1315	4056	KRM
1316	4057	PVLD
1317	4058	EQGV
1318	4059	KTPV
1319	4060	ISS
1320	4061	LLI
1321	4062	MGD
1322	4063	AAAT
1323	4064	QE
1324	4065	R
1325	4066	YKM
1326	4067	QELR
1327	4068	PKT
1328	4069	FHD
1329	4070	AIT
1330	4071	ATC
1331	4072	SGT
1332	4073	YSD
1333	4074	APG
1334	4075	NST
1335	4076	KILL
1336	4077	FLL
1337	4078	CAA
1338	4079	KDD
1339	4080	NEI
1340	4081	KVI
1341	4082	AVLQ
1342	4083	LGTT
1343	4084	EDS
1344	4085	YSS
1345	4086	CAI
1346	4087	LPVA
1347	4088	NDI
1348	4089	KAEK
1349	4090	LPH
1350	4091	FPS
1351	4092	EPPS
1352	4093	EDGS
1353	4094	MPI
1354	4095	YAF
1355	4096	YFD
1356	4097	EDLK
1357	4098	TVLS
1358	4099	LESV
1359	4100	EAG
1360	4101	FAG
1361	4102	KLES
1362	4103	KGGS
1363	4104	LDEI
1364	4105	LAK
1365	4106	AAAA
1366	4107	CGD
1367	4108	PGLP
1368	4109	RPGS
1369	4110	WKF
1370	4111	CTP
1371	4112	RVAA
1372	4113	AVVS
1373	4114	LLKD
1374	4115	ISLD
1375	4116	KKKY
1376	4117	QRW
1377	4118	QSD
1378	4119	REAA
1379	4120	HLD
1380	4121	KLV
1381	4122	EKEI
1382	4123	LRRR
1383	4124	MVV
1384	4125	HCV
1385	4126	KLLS
1386	4127	EMEE
1387	4128	ELF
1388	4129	FDT
1389	4130	ESES
1390	4131	LFD
1391	4132	ALQ
1392	4133	LTDS
1393	4134	TGLY
1394	4135	EVDG
1395	4136	NNT
1396	4137	NDG
1397	4138	SSS
1398	4139	LDPD
1399	4140	AFG
1400	4141	QKLV
1401	4142	HEG
1402	4143	TVN
1403	4144	LLER
1404	4145	YM
1405	4146	ETSS
1406	4147	PS
1407	4148	VA
1408	4149	PE
1409	4150	LLV
1410	4151	YEK
1411	4152	EDD
1412	4153	HNS
1413	4154	VSG
1414	4155	RLSS
1415	4156	LDDI
1416	4157	LLEN
1417	4158	EKER
1418	4159	AVPS
1419	4160	EAKI
1420	4161	TVGV
1421	4162	AEP
1422	4163	PSIV
1423	4164	PVG
1424	4165	LTAV
1425	4166	LSLI
1426	4167	EELG
1427	4168	LAVG
1428	4169	RELN
1429	4170	HVS
1430	4171	FNF
1431	4172	LQ
1432	4173	ASN
1433	4174	YKT
1434	4175	QGS
1435	4176	ETLQ
1436	4177	RK
1437	4178	WPF
1438	4179	EK
1439	4180	ART
1440	4181	ELEEQEQELEEQEQELEEQEQELEEQEQ
1441	4182	N
1442	4183	LAET
1443	4184	LEKQ
1444	4185	NAS
1445	4186	LRS
1446	4187	HRY
1447	4188	LGTV
1448	4189	PEC
1449	4190	MFG
1450	4191	PQS
1451	4192	NMV
1452	4193	RNG
1453	4194	HA
1454	4195	EKV
1455	4196	MPD
1456	4197	CIS
1457	4198	WAG
1458	4199	RSRS
1459	4200	AYS
1460	4201	PGLG
1461	4202	MLM
1462	4203	AQPP
1463	4204	LALR
1464	4205	AVY
1465	4206	TIM
1466	4207	EKDI
1467	4208	LSPS
1468	4209	FRY
1469	4210	AT
1470	4211	LGW
1471	4212	HQA
1472	4213	EMD
1473	4214	IKK
1474	4215	AAAS
1475	4216	EGLS
1476	4217	LEK
1477	4218	PRAV
1478	4219	WLG
1479	4220	RMS
1480	4221	LKS
1481	4222	HQG
1482	4223	QRD
1483	4224	PGS
1484	4225	FGI
1485	4226	ADSS
1486	4227	KVLH
1487	4228	CDV
1488	4229	ĠMAQ
1489	4230	CDS
1490	4231	QRLL
1491	4232	ASGV
1492	4233	LQAQ
1493	4234	HSV
1494	4235	RRSG
1495	4236	FSLA
1496	4237	TGD
1497	4238	CPT
1498	4239	PGD
1499	4240	NIG
1500	4241	CFN
1501	4242	LAPG
1502	4243	PDTV
1503	4244	MTI
1504	4245	HEH
1505	4246	CQP
1506	4247	NAN
1507	4248	SSM
1508	4249	KDLI
1509	4250	APAG
1510	4251	AFV
1511	4252	AEC
1512	4253	PPPG
1513	4254	RYD
1514	4255	QPP
1515	4256	NRK
1516	4257	CEA
1517	4258	ARI
1518	4259	MRQ
1519	4260	LRI
1520	4261	PLQ
1521	4262	LSLT
1522	4263	ENVK
1523	4264	CFF
1524	4265	PVM
1525	4266	LARV
1526	4267	VP
1527	4268	LED
1528	4269	YFT
1529	4270	LDPS
1530	4271	MFI
1531	4272	FSS
1532	4273	HKV
1533	4274	ALF
1534	4275	AEE
1535	4276	AA
1536	4277	AEK
1537	4278	YTI
1538	4279	FAM
1539	4280	MLL
1540	4281	PRR
1541	4282	PFD
1542	4283	AAD
1543	4284	WSI
1544	4285	PEQ
1545	4286	PEK
1546	4287	LVLR
1547	4288	LSDS
1548	4289	MEK
1549	4290	KI
1550	4291	DN
1551	4292	FN
1552	4293	DVM
1553	4294	FFI
1554	4295	GVT
1555	4296	TGN
1556	4297	CRA
1557	4298	PAPV
1558	4299	EVLE
1559	4300	WAV
1560	4301	FAA
1561	4302	FSVI
1562	4303	LAEV
1563	4304	AALR
1564	4305	YRM
1565	4306	RWS
1566	4307	EKD
1567	4308	LVVS
1568	4309	FPT
1569	4310	ALLS
1570	4311	PPTS
1571	4312	LQEE
1572	4313	YAS
1573	4314	EMT
1574	4315	NGD
1575	4316	GGPG
1576	4317	WM
1577	4318	HAH
1578	4319	LGPG
1579	4320	FNT
1580	4321	QPV
1581	4322	LVAF
1582	4323	NRD
1583	4324	QSSS
1584	4325	FLC
1585	4326	U
1586	4327	ALS
1587	4328	FYD
1588	4329	EFD
1589	4330	QEG
1590	4331	PSGG
1591	4332	YPK
1592	4333	PKN
1593	4334	ERR
1594	4335	PELL
1595	4336	QFV
1596	4337	LQQS
1597	4338	EAT
1598	4339	NED
1599	4340	EPG
1600	4341	ATW
1601	4342	LSSG
1602	4343	LMS
1603	4344	VSV
1604	4345	PAA
1605	4346	QH
1606	4347	AN
1607	4348	DIG
1608	4349	GSAS
1609	4350	PGGD
1610	4351	ELV
1611	4352	RLAA
1612	4353	LRG
1613	4354	KND
1614	4355	HLF
1615	4356	MFT
1616	4357	KKH
1617	4358	MRT
1618	4359	PMT
1619	4360	AP
1620	4361	LVLS
1621	4362	FFT
1622	4363	PA
1623	4364	YMS
1624	4365	X
1625	4366	AG
1626	4367	LEKD
1627	4368	VSS
1628	4369	WER
1629	4370	NSV
1630	4371	TII
1631	4372	SSPS
1632	4373	LQAS
1633	4374	LALN
1634	4375	RFI
1635	4376	EVLR
1636	4377	YA
1637	4378	RGLG
1638	4379	LAEK
1639	4380	KVLI
1640	4381	PDD
1641	4382	LQEI
1642	4383	NKD
1643	4384	HYG
1644	4385	HRH
1645	4386	DLN
1646	4387	TLI
1647	4388	LERK
1648	4389	PAEE
1649	4390	KKKT
1650	4391	EAES
1651	4392	AQAQ
1652	4393	GN
1653	4394	CQN
1654	4395	SSAT
1655	4396	YCS
1656	4397	AGW
1657	4398	NFV
1658	4399	YNN
1659	4400	MAT
1660	4401	YAV
1661	4402	ELKS
1662	4403	PTAP
1663	4404	AET
1664	4405	PP
1665	4406	KVN
1666	4407	EELN
1667	4408	TSVV
1668	4409	RKC
1669	4410	RQS
1670	4411	LMG
1671	4412	CS
1672	4413	WDS
1673	4414	LENG
1674	4415	MKS
1675	4416	RAI
1676	4417	LVEN
1677	4418	NTW
1678	4419	TEG
1679	4420	VM
1680	4421	EDT
1681	4422	HQQ
1682	4423	EAD
1683	4424	ETLT
1684	4425	WAA
1685	4426	GSF
1686	4427	EEKK
1687	4428	LSQV
1688	4429	PYV
1689	4430	CNN
1690	4431	MD
1691	4432	GVI
1692	4433	EAED
1693	4434	KLI
1694	4435	AGVS
1695	4436	PSV
1696	4437	RLRG
1697	4438	KGI
1698	4439	YLH
1699	4440	ARS
1700	4441	RDLT
1701	4442	LPDG
1702	4443	FGV
1703	4444	LPD
1704	4445	NCI
1705	4446	VH
1706	4447	MIS
1707	4448	KAN
1708	4449	LPAV
1709	4450	GH
1710	4451	EPS
1711	4452	IQ
1712	4453	LVI
1713	4454	AMD
1714	4455	LKKC
1715	4456	IAA
1716	4457	EEAA
1717	4458	NDT
1718	4459	FKT
1719	4460	LAC
1720	4461	DVV
1721	4462	YEV
1722	4463	LEQV
1723	4464	YLK
1724	4465	YID
1725	4466	MK
1726	4467	ATGG
1727	4468	GSLL
1728	4469	EKQQ
1729	4470	PPPK
1730	4471	PLR
1731	4472	LTD
1732	4473	LTW
1733	4474	PSD
1734	4475	HLH
1735	4476	FAK
1736	4477	QYS
1737	4478	LLQQ
1738	4479	MIT
1739	4480	KEH
1740	4481	RREE
1741	4482	LGLL
1742	4483	MT
1743	4484	KAG
1744	4485	LEY
1745	4486	LSLD
1746	4487	KTF
1747	4488	AGKS
1748	4489	KTS
1749	4490	SSRS
1750	4491	TVI
1751	4492	FKH
1752	4493	TT
1753	4494	EAV
1754	4495	MND
1755	4496	CRI
1756	4497	CQR
1757	4498	NRY
1758	4499	MQR
1759	4500	LDLP
1760	4501	RD
1761	4502	TVT
1762	4503	YAI
1763	4504	LVG
1764	4505	LTEE
1765	4506	PWV
1766	4507	PPGS
1767	4508	SV
1768	4509	PSSG
1769	4510	KALQ
1770	4511	ERLA
1771	4512	LKDG
1772	4513	ALV
1773	4514	SSH
1774	4515	CLG
1775	4516	PSPP
1776	4517	ENT
1777	4518	PVPG
1778	4519	PPPA
1779	4520	ALPS
1780	4521	REY
1781	4522	LAAV
1782	4523	TSLG
1783	4524	RTSS
1784	4525	QD
1785	4526	LYT
1786	4527	F
1787	4528	FTT
1788	4529	KKAV
1789	4530	TTPS
1790	4531	HRG
1791	4532	PPLL
1792	4533	MQ
1793	4534	TA
1794	4535	NLA
1795	4536	CKI
1796	4537	LQV
1797	4538	ASLL
1798	4539	ELL
1799	4540	NPK
1800	4541	AVLR
1801	4542	DDDD
1802	4543	NEN
1803	4544	REC
1804	4545	LAN
1805	4546	YLL
1806	4547	TGH
1807	4548	LFS
1808	4549	HPT
1809	4550	LALA
1810	4551	PRPP
1811	4552	LVAT
1812	4553	MDT
1813	4554	HSS
1814	4555	KSV
1815	4556	LSC
1816	4557	ĠMAG
1817	4558	LEYLT
1818	4559	EELV
1819	4560	TTI
1820	4561	ĠMSG
1821	4562	TGS
1822	4563	LKD
1823	4564	NIT
1824	4565	NQ
1825	4566	EELA
1826	4567	RTLL
1827	4568	EGRV
1828	4569	YRY
1829	4570	KM
1830	4571	LDKI
1831	4572	NMD
1832	4573	TGV
1833	4574	RELV
1834	4575	LRLL
1835	4576	FIT
1836	4577	YLG
1837	4578	QFT
1838	4579	NSLL
1839	4580	LHI
1840	4581	EVLL
1841	4582	YMG
1842	4583	QRLQ
1843	4584	FDS
1844	4585	FAH
1845	4586	QND
1846	4587	PAGS
1847	4588	APEE
1848	4589	KKV
1849	4590	QLH
1850	4591	QQS
1851	4592	LLEA
1852	4593	AED
1853	4594	NSTG
1854	4595	ELG
1855	4596	PYS
1856	4597	IST
1857	4598	YFG
1858	4599	MKI
1859	4600	PEH
1860	4601	KSLS
1861	4602	HQD
1862	4603	YQ
1863	4604	KELR
1864	4605	AQVV
1865	4606	CQA
1866	4607	AYD
1867	4608	QEP
1868	4609	YC
1869	4610	LGAA
1870	4611	PYT
1871	4612	HSI
1872	4613	NPN
1873	4614	FKG
1874	4615	LSEI
1875	4616	FK
1876	4617	DDT
1877	4618	CIV
1878	4619	ARD
1879	4620	DPD
1880	4621	HHHH
1881	4622	KMV
1882	4623	RLTS
1883	4624	YR
1884	4625	LDLF
1885	4626	QTT
1886	4627	CLR
1887	4628	MSD
1888	4629	D
1889	4630	VTSS
1890	4631	LSGN
1891	4632	NV
1892	4633	YPG
1893	4634	LVLA
1894	4635	PDI
1895	4636	AELL
1896	4637	LPEE
1897	4638	NN
1898	4639	GG
1899	4640	RKM
1900	4641	ACG
1901	4642	EAEK
1902	4643	LVV
1903	4644	EST
1904	4645	LDD
1905	4646	QCV
1906	4647	KEAA
1907	4648	QAQ
1908	4649	AEW
1909	4650	LDLE
1910	4651	PET
1911	4652	GGLG
1912	4653	HTS
1913	4654	ESEE
1914	4655	FRP
1915	4656	LREQ
1916	4657	PN
1917	4658	AALL
1918	4659	EKEF
1919	4660	KTLK
1920	4661	QQQEPQQQEP
1921	4662	FKR
1922	4663	KKW
1923	4664	LDEE
1924	4665	KEA
1925	4666	MST
1926	4667	RGF
1927	4668	PC
1928	4669	DP
1929	4670	ALM
1930	4671	PAM
1931	4672	RTG
1932	4673	LDLS
1933	4674	PKD
1934	4675	WKQ
1935	4676	ASW
1936	4677	LAPT
1937	4678	KSAS
1938	4679	GGAG
1939	4680	LLRV
1940	4681	LVSS
1941	4682	ELH
1942	4683	HYI
1943	4684	LKRS
1944	4685	EELL
1945	4686	KKY
1946	4687	KTG
1947	4688	KEK
1948	4689	GT
1949	4690	KKAK
1950	4691	ELSS
1951	4692	EALG
1952	4693	IEK
1953	4694	EAAS
1954	4695	CGG
1955	4696	PES
1956	4697	EVEE
1957	4698	EDN
1958	4699	YDI
1959	4700	EKRK
1960	4701	FEF
1961	4702	VD
1962	4703	LERG
1963	4704	CLV
1964	4705	EHG
1965	4706	NVTT
1966	4707	PLH
1967	4708	HPN
1968	4709	IA
1969	4710	LFGG
1970	4711	LSLA
1971	4712	ESET
1972	4713	YKY
1973	4714	AGPP
1974	4715	MNG
1975	4716	LGCG
1976	4717	LPKK
1977	4718	KEI
1978	4719	KT
1979	4720	HLK
1980	4721	SSDS
1981	4722	LL
1982	4723	PEAA
1983	4724	ERG
1984	4725	EEEQ
1985	4726	ISV
1986	4727	KES
1987	4728	RE
1988	4729	YQV
1989	4730	LAT
1990	4731	DEK
1991	4732	RKLL
1992	4733	NEK
1993	4734	QPI
1994	4735	IY
1995	4736	VLQ
1996	4737	ARN
1997	4738	AM
1998	4739	ACI
1999	4740	VVLE
2000	4741	PEN
2001	4742	IT
2002	4743	ATVV
2003	4744	HTI
2004	4745	EDLN
2005	4746	TC
2006	4747	RLP
2007	4748	NTV
2008	4749	NRA
2009	4750	KILK
2010	4751	LAVC
2011	4752	CKV
2012	4753	LGS
2013	4754	ETN
2014	4755	KQQ
2015	4756	LQLS
2016	4757	YEM
2017	4758	YRI
2018	4759	EII
2019	4760	AKI
2020	4761	EYI
2021	4762	WAS
2022	4763	HTD
2023	4764	HKQ
2024	4765	PGPS
2025	4766	PAK
2026	4767	HF
2027	4768	FFS
2028	4769	PHT
2029	4770	EGSS
2030	4771	WVV
2031	4772	DVD
2032	4773	FAFV
2033	4774	RAW
2034	4775	KRI
2035	4776	TGAS
2036	4777	QFG
2037	4778	PF
2038	4779	DDD
2039	4780	RQT
2040	4781	LVES
2041	4782	TPT
2042	4783	HGQH
2043	4784	ALGG
2044	4785	ALE
2045	4786	DTI
2046	4787	HAR
2047	4788	DF
2048	4789	ITI
2049	4790	DLR
2050	4791	LAW
2051	4792	PRLS
2052	4793	NRR
2053	4794	RLT
2054	4795	DED
2055	4796	LEKV
2056	4797	K
2057	4798	QAD
2058	4799	RAK
2059	4800	ERLQ
2060	4801	RFD
2061	4802	KLKS
2062	4803	RW
2063	4804	HFS
2064	4805	FTI
2065	4806	PNV
2066	4807	QSSG
2067	4808	LLG
2068	4809	LFC
2069	4810	NLR
2070	4811	ENLR
2071	4812	ELIS
2072	4813	NAD
2073	4814	RAD
2074	4815	MVG
2075	4816	PLLS
2076	4817	LQF
2077	4818	EM
2078	4819	ACT
2079	4820	EPEE
2080	4821	AGGG
2081	4822	DE
2082	4823	YGAA
2083	4824	YES
2084	4825	PVGS
2085	4826	NLT
2086	4827	NDS
2087	4828	MYS
2088	4829	NPR
2089	4830	YGV
2090	4831	EQLK
2091	4832	YST
2092	4833	LGRV
2093	4834	PRN
2094	4835	PALG
2095	4836	LQH
2096	4837	FPN
2097	4838	LWG
2098	4839	LGLN
2099	4840	NF
2100	4841	PAPP
2101	4842	MLQ
2102	4843	PLIS
2103	4844	VR
2104	4845	HRT
2105	4846	QSLS
2106	4847	APP
2107	4848	LQSG
2108	4849	AS
2109	4850	KKM
2110	4851	FKQ
2111	4852	FLF
2112	4853	NYG
2113	4854	PQD
2114	4855	LSEA
2115	4856	TGM
2116	4857	EESS
2117	4858	MSS
2118	4859	S
2119	4860	LAEI
2120	4861	LQGS
2121	4862	FHS
2122	4863	PPGV
2123	4864	YHD
2124	4865	PKQ
2125	4866	AKAK
2126	4867	EKM
2127	4868	LLKQ
2128	4869	MFD
2129	4870	AVEE
2130	4871	GSGG
2131	4872	EGY
2132	4873	KRF
2133	4874	PHG
2134	4875	QG
2135	4876	RC
2136	4877	CQS
2137	4878	VVM
2138	4879	RASG
2139	4880	NTG
2140	4881	LPLA
2141	4882	HKK
2142	4883	GVW
2143	4884	CAD
2144	4885	PDS
2145	4886	HQV
2146	4887	FPK
2147	4888	PGT
2148	4889	EG
2149	4890	PELS
2150	4891	PEG
2151	4892	LIT
2152	4893	GSDD
2153	4894	KVV
2154	4895	MGG
2155	4896	RST
2156	4897	LGDD
2157	4898	AAG
2158	4899	CLL
2159	4900	LNED
2160	4901	QI
2161	4902	CEI
2162	4903	MEQ
2163	4904	QQLQ
2164	4905	MPG
2165	4906	NLG
2166	4907	FQY
2167	4908	LSEV
2168	4909	TSN
2169	4910	YPV
2170	4911	ESW
2171	4912	LLQD
2172	4913	LCLL
2173	4914	RT
2174	4915	SSVG
2175	4916	RHV
2176	4917	CSD
2177	4918	LAVI
2178	4919	QTI
2179	4920	LTVT
2180	4921	LRDS
2181	4922	TTSS
2182	4923	LDKV
2183	4924	ANI
2184	4925	KKKV
2185	4926	LGFS
2186	4927	LTKD
2187	4928	MSI
2188	4929	LALK
2189	4930	EGLV
2190	4931	YLY
2191	4932	QHT
2192	4933	HPE
2193	4934	QLA
2194	4935	LAPP
2195	4936	EDEE
2196	4937	YAC
2197	4938	RQLL
2198	4939	DSF
2199	4940	ER
2200	4941	YEQ
2201	4942	LM
2202	4943	QRA
2203	4944	QQD
2204	4945	AVV
2205	4946	LLLK
2206	4947	FLQ
2207	4948	LPPPP
2208	4949	TSG
2209	4950	LSKS
2210	4951	NRG
2211	4952	DC
2212	4953	MLV
2213	4954	YLN
2214	4955	TGLT
2215	4956	HNF
2216	4957	AILS
2217	4958	RGW
2218	4959	EEIV
2219	4960	YIT
2220	4961	EGF
2221	4962	YIG
2222	4963	DGD
2223	4964	DEV
2224	4965	LGN
2225	4966	NQF
2226	4967	VVVV
2227	4968	LAD
2228	4969	LWD
2229	4970	KLW
2230	4971	WLL
2231	4972	LGGS
2232	4973	LDKS
2233	4974	LSSS
2234	4975	MDS
2235	4976	KIT
2236	4977	FTD
2237	4978	AKGS
2238	4979	MTG
2239	4980	MM
2240	4981	SSLQ
2241	4982	IGT
2242	4983	ĠMAV
2243	4984	TI
2244	4985	LLQT
2245	4986	YQT
2246	4987	RRRV
2247	4988	NAP
2248	4989	EPSS
2249	4990	LRD
2250	4991	QLM
2251	4992	QEY
2252	4993	APV
2253	4994	REV
2254	4995	LNH
2255	4996	LSES
2256	4997	KYS
2257	4998	FKF
2258	4999	AVLK
2259	5000	LDED
2260	5001	NTAA
2261	5002	AAST
2262	5003	DPA
2263	5004	IG
2264	5005	AAV
2265	5006	VST
2266	5007	LPS
2267	5008	ISW
2268	5009	NGG
2269	5010	QNG
2270	5011	LVS
2271	5012	RYG
2272	5013	RDD
2273	5014	END
2274	5015	LCD
2275	5016	LRAA
2276	5017	KKEE
2277	5018	FQK
2278	5019	SSGG
2279	5020	ALA
2280	5021	PTPS
2281	5022	FMD
2282	5023	PTW
2283	5024	LVY
2284	5025	KGD
2285	5026	SSN
2286	5027	EEF
2287	5028	LLAK
2288	5029	V
2289	5030	LPLT
2290	5031	LLTT
2291	5032	RSRSRSRS
2292	5033	EPQ
2293	5034	GGGD
2294	5035	DVT
2295	5036	KYD
2296	5037	EQY
2297	5038	KMD
2298	5039	NHV
2299	5040	NG
2300	5041	ILS
2301	5042	MNS
2302	5043	PPGG
2303	5044	DSGS
2304	5045	QELE
2305	5046	EDEV
2306	5047	EKAV
2307	5048	LERR
2308	5049	LLGF
2309	5050	GGGGGG
2310	5051	RN
2311	5052	LEE
2312	5053	YG
2313	5054	AELQ
2314	5055	LSQP
2315	5056	FPP
2316	5057	RMD
2317	5058	LPTT
2318	5059	PLPP
2319	5060	QKV
2320	5061	EGET
2321	5062	AAPS
2322	5063	FGT
2323	5064	RLPS
2324	5065	RESS
2325	5066	NVS
2326	5067	QPN
2327	5068	HDK
2328	5069	IV
2329	5070	VVN
2330	5071	GGM
2331	5072	KLP
2332	5073	LEAV
2333	5074	IDS
2334	5075	EGC
2335	5076	QALR
2336	5077	YSV
2337	5078	LGAS
2338	5079	RKH
2339	5080	CTF
2340	5081	AKS
2341	5082	KKAA
2342	5083	QSG
2343	5084	RHT
2344	5085	PV
2345	5086	RCG
2346	5087	PSF
2347	5088	ELP
2348	5089	WKT
2349	5090	WV
2350	5091	LFLR
2351	5092	YEA
2352	5093	AKLD
2353	5094	PLV
2354	5095	MEE
2355	5096	FFV
2356	5097	TEI
2357	5098	LSW
2358	5099	LGLA
2359	5100	PAPS
2360	5101	KDS
2361	5102	PAVV
2362	5103	LAES
2363	5104	KEQ
2364	5105	NRI
2365	5106	ESLV
2366	5107	FRC
2367	5108	ATF
2368	5109	QRV
2369	5110	LVLL
2370	5111	LKQQ
2371	5112	CES
2372	5113	KGS
2373	5114	GGVLP
2374	5115	QEM
2375	5116	QHD
2376	5117	YQS
2377	5118	EAAG
2378	5119	SSC
2379	5120	QQG
2380	5121	LEVI
2381	5122	NKE
2382	5123	KKED
2383	5124	KPV
2384	5125	PDV
2385	5126	WQ
2386	5127	PMS
2387	5128	EYD
2388	5129	LAM
2389	5130	CCG
2390	5131	API
2391	5132	QRN
2392	5133	WLN
2393	5134	NHI
2394	5135	LALS
2395	5136	LGEG
2396	5137	LVAG
2397	5138	PSN
2398	5139	LRAS
2399	5140	RQI
2400	5141	PSPV
2401	5142	FGD
2402	5143	HGV
2403	5144	LVW
2404	5145	EALA
2405	5146	LVQT
2406	5147	AEM
2407	5148	LEES
2408	5149	DVS
2409	5150	DKS
2410	5151	LNTV
2411	5152	RVS
2412	5153	QKK
2413	5154	LDF
2414	5155	GSGT
2415	5156	HEN
2416	5157	ENEE
2417	5158	QPPS
2418	5159	YRS
2419	5160	EGER
2420	5161	MRN
2421	5162	PPAA
2422	5163	HDP
2423	5164	DRK
2424	5165	YQG
2425	5166	ERLK
2426	5167	EWT
2427	5168	CGS
2428	5169	EMV
2429	5170	PW
2430	5171	VQ
2431	5172	PLPS
2432	5173	RELT
2433	5174	IK
2434	5175	QAT
2435	5176	LRRV
2436	5177	LVGT
2437	5178	CLT
2438	5179	HP
2439	5180	RVI
2440	5181	PQV
2441	5182	LLGD
2442	5183	LLLV
2443	5184	EVLS
2444	5185	EERD
2445	5186	TTV
2446	5187	YII
2447	5188	KN
2448	5189	LNVT
2449	5190	RGRH
2450	5191	RELE
2451	5192	QTV
2452	5193	LSS
2453	5194	LLRS
2454	5195	QSS
2455	5196	AVAA
2456	5197	EALT
2457	5198	YKA
2458	5199	QVT
2459	5200	KCS
2460	5201	NP
2461	5202	HDS
2462	5203	LDLN
2463	5204	QLW
2464	5205	ĠMGG
2465	5206	ISLA
2466	5207	LLLL
2467	5208	MEKI
2468	5209	RRRR
2469	5210	LLGI
2470	5211	RSI
2471	5212	PNT
2472	5213	EELE
2473	5214	ALAS
2474	5215	FAP
2475	5216	FHF
2476	5217	RWT
2477	5218	LPAG
2478	5219	KRKK
2479	5220	LPI
2480	5221	TTTT
2481	5222	NNI
2482	5223	PPPT
2483	5224	QER
2484	5225	HVD
2485	5226	EKRR
2486	5227	KER
2487	5228	KDI
2488	5229	YQC
2489	5230	LIGG
2490	5231	KA
2491	5232	QFD
2492	5233	QRH
2493	5234	YVS
2494	5235	AAT
2495	5236	RKS
2496	5237	RELL
2497	5238	LTF
2498	5239	LVT
2499	5240	HRV
2500	5241	EGW
2501	5242	NYN
2502	5243	LRLD
2503	5244	AASV
2504	5245	ATGS
2505	5246	PRTS
2506	5247	PGSS
2507	5248	PAPT
2508	5249	LGTS
2509	5250	QVM
2510	5251	RDY
2511	5252	KDKD
2512	5253	VVPS
2513	5254	NCV
2514	5255	PR
2515	5256	ECD
2516	5257	RMG
2517	5258	DI
2518	5259	EGEE
2519	5260	MKM
2520	5261	EKVS
2521	5262	SSD
2522	5263	QALA
2523	5264	HPR
2524	5265	EALL
2525	5266	QPD
2526	5267	PQPA
2527	5268	IEA
2528	5269	MPT
2529	5270	GGY
2530	5271	TF
2531	5272	RRI
2532	5273	GSPG
2533	5274	LVEG
2534	5275	YVD
2535	5276	ERS
2536	5277	WAR
2537	5278	VVAA
2538	5279	LASG
2539	5280	NEQ
2540	5281	YRV
2541	5282	ERV
2542	5283	GSEE
2543	5284	TD
2544	5285	CGKEG
2545	5286	RALA
2546	5287	CY
2547	5288	LKI
2548	5289	KALT
2549	5290	ISTS
2550	5291	LDPA
2551	5292	EC
2552	5293	PAG
2553	5294	KII
2554	5295	AVAG
2555	5296	ALPP
2556	5297	LRKK
2557	5298	CAQ
2558	5299	EEDD
2559	5300	TLA
2560	5301	KQD
2561	5302	HTV
2562	5303	QTG
2563	5304	ELA
2564	5305	CKA
2565	5306	PRM
2566	5307	PRPG
2567	5308	Y
2568	5309	AD
2569	5310	LHD
2570	5311	LLLT
2571	5312	RKV
2572	5313	CRV
2573	5314	NYV
2574	5315	LLES
2575	5316	PLI
2576	5317	LLD
2577	5318	ESER
2578	5319	DTS
2579	5320	FKA
2580	5321	DVF
2581	5322	VI
2582	5323	FV
2583	5324	CV
2584	5325	ITS
2585	5326	REA
2586	5327	LLGS
2587	5328	MLT
2588	5329	PASS
2589	5330	LKV
2590	5331	KTKK
2591	5332	EI
2592	5333	EVSV
2593	5334	KARV
2594	5335	AAPP
2595	5336	NGVT
2596	5337	NPG
2597	5338	WNG
2598	5339	FEP
2599	5340	HQS
2600	5341	PLM
2601	5342	FYT
2602	5343	GGI
2603	5344	ASLS
2604	5345	CEQ
2605	5346	IVI
2606	5347	FQD
2607	5348	LDVS
2608	5349	EVVS
2609	5350	II
2610	5351	VVSS
2611	5352	RDS
2612	5353	LE
2613	5354	PRI
2614	5355	QP
2615	5356	EYS
2616	5357	RIS
2617	5358	FPV
2618	5359	PELA
2619	5360	EAC
2620	5361	LQLL
2621	5362	PLP
2622	5363	YAN
2623	5364	YGG
2624	5365	LSN
2625	5366	CI
2626	5367	MAD
2627	5368	RPSS
2628	5369	AVSG
2629	5370	LLQG
2630	5371	LLRQ
2631	5372	RSGS
2632	5373	PGPA
2633	5374	AVI
2634	5375	HQT
2635	5376	KTW
2636	5377	LETS
2637	5378	PAF
2638	5379	FLE
2639	5380	QPA
2640	5381	AEN
2641	5382	PRGG
2642	5383	EFV
2643	5384	WEI
2644	5385	RCV
2645	5386	GVG
2646	5387	WD
2647	5388	QEF
2648	5389	PTD
2649	5390	TVLE
2650	5391	KEC
2651	5392	QNT
2652	5393	PTSS
2653	5394	ATS
2654	5395	KAHG
2655	5396	LTC
2656	5397	ESKS
2657	5398	KVEE
2658	5399	QLL
2659	5400	YVT
2660	5401	PDG
2661	5402	DPEE
2662	5403	WFV
2663	5404	FNN
2664	5405	NLL
2665	5406	HLP
2666	5407	AES
2667	5408	PDPS
2668	5409	PGGS
2669	5410	LTED
2670	5411	LPFT
2671	5412	AAAAAAAA
2672	5413	LDIV
2673	5414	CH
2674	5415	ESED
2675	5416	IC
2676	5417	RLH
2677	5418	NLI
2678	5419	CLY
2679	5420	AYG
2680	5421	EEQS
2681	5422	PLN
2682	5423	EKK
2683	5424	EEI
2684	5425	PAPG
2685	5426	MLS
2686	5427	CSG
2687	5428	RGRR
2688	5429	KAD
2689	5430	YEI
2690	5431	YLA
2691	5432	WRR
2692	5433	EPVS
2693	5434	MAN
2694	5435	RRS
2695	5436	AGS
2696	5437	ISAA
2697	5438	SSSSSSSS
2698	5439	NER
2699	5440	KNV
2700	5441	EAS
2701	5442	LLNS
2702	5443	LAED
2703	5444	WLV
2704	5445	PEM
2705	5446	DIDEC
2706	5447	ELAA
2707	5448	LRLV
2708	5449	EQW
2709	5450	ENG
2710	5451	LGD
2711	5452	DGVT
2712	5453	LLQ
2713	5454	QK
2714	5455	LKY
2715	5456	FFD
2716	5457	RYI
2717	5458	KVLN
2718	5459	LGTI
2719	5460	LDRV
2720	5461	AMT
2721	5462	EPV
2722	5463	AEGS
2723	5464	YFV
2724	5465	YLD
2725	5466	AKD
2726	5467	NID
2727	5468	LMI
2728	5469	AALE
2729	5470	TKG
2730	5471	ASV
2731	5472	CLM
2732	5473	LHS
2733	5474	PEY
2734	5475	CTD
2735	5476	PELK
2736	5477	KAFS
2737	5478	ACS
2738	5479	ALC
2739	5480	KEY
2740	5481	QEA
2741	5482	KDV
2742	5483	RGPG
2743	5484	CLC
2744	5485	ASSS
2745	5486	NKY
2746	5487	AAPG
2747	5488	RRSS
2748	5489	CDN
2749	5490	ETW
2750	5491	RGV
2751	5492	YF
2752	5493	MRK
2753	5494	QID
2754	5495	HS
2755	5496	GSG
2756	5497	HK
2757	5498	HAD
2758	5499	AGD
2759	5500	AQPG
2760	5501	QQPS
2761	5502	ELVS
2762	5503	MRV
2763	5504	LQAG
2764	5505	LPLV
2765	5506	HYS
2766	5507	AGAA
2767	5508	LPRS
2768	5509	GRGG
2769	5510	EEEG
2770	5511	QC
2771	5512	LSM
2772	5513	WKK
2773	5514	GSLA
2774	5515	RSC
2775	5516	PYI
2776	5517	GSLQ
2777	5518	EKPS
2778	5519	CEE
2779	5520	P
2780	5521	YSG
2781	5522	FH
2782	5523	ERER
2783	5524	EKTV
2784	5525	LEKK
2785	5526	LLAD
2786	5527	QS
2787	5528	RH
2788	5529	PTLE
2789	5530	ARLS
2790	5531	HPH
2791	5532	GSAT
2792	5533	LFSS
2793	5534	QIFV
2794	5535	ATLS
2795	5536	KVLE
2796	5537	AQLE
2797	5538	FEA
2798	5539	LQLT
2799	5540	EGAV
2800	5541	EHS
2801	5542	YAQ
2802	5543	QKLG
2803	5544	EVLQ
2804	5545	RELK
2805	5546	KGV
2806	5547	CPP
2807	5548	LIER
2808	5549	RRKK
2809	5550	KKEG
2810	5551	KKEK
2811	5552	HCS
2812	5553	KKD
2813	5554	CC
2814	5555	WRG
2815	5556	AELR
2816	5557	LLFS
2817	5558	LLRR
2818	5559	DLD
2819	5560	AHS
2820	5561	MLA
2821	5562	RERS
2822	5563	ARGG
2823	5564	RLL
2824	5565	Q
2825	5566	DLG
2826	5567	KELE
2827	5568	LKAI
2828	5569	ĠMSS
2829	5570	FVG
2830	5571	ISI
2831	5572	MPV
2832	5573	LTLQ
2833	5574	CSS
2834	5575	RGRGG
2835	5576	TID
2836	5577	EP
2837	5578	DIT
2838	5579	M
2839	5580	LDLT
2840	5581	PRAA
2841	5582	QTLL
2842	5583	NA
2843	5584	HDI
2844	5585	EPLV
2845	5586	FHK
2846	5587	HNT
2847	5588	RKES
2848	5589	NDF
2849	5590	AEV
2850	5591	AALQ
2851	5592	CST
2852	5593	LGQS
2853	5594	EWS
2854	5595	TKK
2855	5596	SSSV
2856	5597	ETLG
2857	5598	HET
2858	5599	NKQ
2859	5600	EEDS
2860	5601	KPLL
2861	5602	FLS
2862	5603	TGY
2863	5604	LFT
2864	5605	LKEE
2865	5606	LGLV
2866	5607	LGI
2867	5608	EAPS
2868	5609	CDI
2869	5610	YAM
2870	5611	LV
2871	5612	QLG
2872	5613	LRLP
2873	5614	QAS
2874	5615	HIS
2875	5616	TET
2876	5617	AQS
2877	5618	AAAK
2878	5619	FGS
2879	5620	TSGT
2880	5621	YYS
2881	5622	LRER
2882	5623	PSPS
2883	5624	WRN
2884	5625	MH
2885	5626	QDS
2886	5627	EIV
2887	5628	DSES
2888	5629	HSD
2889	5630	ILK
2890	5631	PLS
2891	5632	EALI
2892	5633	FAD
2893	5634	QIT
2894	5635	APAS
2895	5636	QED
2896	5637	LFW
2897	5638	KQLS
2898	5639	NKT
2899	5640	NKI
2900	5641	YET
2901	5642	KALD
2902	5643	RRRS
2903	5644	EVLD
2904	5645	LGKV
2905	5646	WKC
2906	5647	EVKV
2907	5648	QYT
2908	5649	PM
2909	5650	EPP
2910	5651	GGVY
2911	5652	YW
2912	5653	MRG
2913	5654	PPPPPP
2914	5655	RVT
2915	5656	MKR
2916	5657	LAGT
2917	5658	LEAA
2918	5659	EAFV
2919	5660	MQS
2920	5661	KRS
2921	5662	LSGG
2922	5663	EELR
2923	5664	LTEA
2924	5665	NYT
2925	5666	GSN
2926	5667	PCG
2927	5668	PYN
2928	5669	QKI
2929	5670	ERLS
2930	5671	FRK
2931	5672	CFI
2932	5673	LPGG
2933	5674	EKAI
2934	5675	HAN
2935	5676	LLAG
2936	5677	LLSD
2937	5678	LPC
2938	5679	PATS
2939	5680	TVSS
2940	5681	FYG
2941	5682	LAGR
2942	5683	EWI
2943	5684	AVD
2944	5685	NGS
2945	5686	CM
2946	5687	TQ
2947	5688	PEA
2948	5689	PMD
2949	5690	AVC
2950	5691	LGPP
2951	5692	EDLF
2952	5693	RCI
2953	5694	PRW
2954	5695	ARA
2955	5696	LGLG
2956	5697	EQQ
2957	5698	TSAS
2958	5699	QN
2959	5700	MNV
2960	5701	WF
2961	5702	KFG
2962	5703	MDV
2963	5704	RLPP
2964	5705	HQ
2965	5706	FTG
2966	5707	QES
2967	5708	LAAS
2968	5709	DSEE
2969	5710	MEA
2970	5711	LRN
2971	5712	ETKK
2972	5713	PVLV
2973	5714	LQG
2974	5715	KRT
2975	5716	KLLG
2976	5717	PTAA
2977	5718	WG
2978	5719	LIEE
2979	5720	RDLL
2980	5721	AQG
2981	5722	LNG
2982	5723	NQI
2983	5724	KFV
2984	5725	CLN
2985	5726	KS
2986	5727	APSS
2987	5728	CPQ
2988	5729	FLW
2989	5730	KLH
2990	5731	LEGH
2991	5732	KRA
2992	5733	EPAV
2993	5734	EASG
2994	5735	AGSG
2995	5736	LVKG
2996	5737	KQS
2997	5738	HRD
2998	5739	ADLE
2999	5740	YND
3000	5741	YKG
3001	5742	LAQA
3002	5743	KVTI
3003	5744	PSS
3004	5745	LAG
3005	5746	PLE
3006	5747	RLY
3007	5748	EYV
3008	5749	LTSS
3009	5750	LFLS
3010	5751	LGF
3011	5752	RLA
3012	5753	DS
3013	5754	GSVS
3014	5755	KLY
3015	5756	NNS
3016	5757	MQV
3017	5758	LIV
3018	5759	TVLQ
3019	5760	GST
3020	5761	DAS
3021	5762	LLST
3022	5763	ADT
3023	5764	LKKK
3024	5765	LSPD
3025	5766	YAD
3026	5767	DT
3027	5768	EYG
3028	5769	WAT
3029	5770	HRF
3030	5771	LSKD
3031	5772	NK
3032	5773	RLK
3033	5774	CLQ
3034	5775	LSDG
3035	5776	LPES
3036	5777	DGEE
3037	5778	YP
3038	5779	SSK
3039	5780	LIH
3040	5781	YQD
3041	5782	QPS
3042	5783	PAD
3043	5784	KKKQ
3044	5785	FAI
3045	5786	FPG
3046	5787	LELS
3047	5788	RSAS
3048	5789	LSAA
3049	5790	DGSS
3050	5791	FDV
3051	5792	LSRR
3052	5793	EGLK
3053	5794	KYT
3054	5795	QHI
3055	5796	AAVV
3056	5797	RTLS
3057	5798	LAEE
3058	5799	KG
3059	5800	YDV
3060	5801	FNS
3061	5802	FFN
3062	5803	RGPP
3063	5804	LEGD
3064	5805	KPKK
3065	5806	MEY
3066	5807	CQD
3067	5808	RGRG
3068	5809	NEV
3069	5810	EKLS
3070	5811	TN
3071	5812	PPS
3072	5813	VF
3073	5814	HN
3074	5815	QSQG
3075	5816	EVM
3076	5817	YKN
3077	5818	TVLD
3078	5819	GGV
3079	5820	QCG
3080	5821	LDKA
3081	5822	LRM
3082	5823	ALAA
3083	5824	DKV
3084	5825	ESY
3085	5826	YNV
3086	5827	FSLD
3087	5828	LEAK
3088	5829	YTG
3089	5830	EVEK
3090	5831	MDI
3091	5832	KMS
3092	5833	KP
3093	5834	HPK
3094	5835	EEPP
3095	5836	GGAA
3096	5837	KKKN
3097	5838	YPY
3098	5839	PDT
3099	5840	PVS
3100	5841	LKLL
3101	5842	FEQ
3102	5843	KVKV
3103	5844	PGM
3104	5845	WES
3105	5846	EKMS
3106	5847	LAGN
3107	5848	TSV
3108	5849	SST
3109	5850	EESG
3110	5851	ĠMD
3111	5852	KQI
3112	5853	EGAK
3113	5854	AIAA
3114	5855	QFS
3115	5856	SSAS
3116	5857	KR
3117	5858	LNV
3118	5859	PDW
3119	5860	LADV
3120	5861	AQI
3121	5862	AGED
3122	5863	NES
3123	5864	GSFS
3124	5865	ALI
3125	5866	VY
3126	5867	CNI
3127	5868	LEDV
3128	5869	PPGA
3129	5870	EKEV
3130	5871	VVES
3131	5872	EAAV
3132	5873	CNV
3133	5874	ASAS
3134	5875	KFS
3135	5876	CID
3136	5877	LTSV
3137	5878	LF
3138	5879	HLE
3139	5880	MTF
3140	5881	SSEE
3141	5882	CPN
3142	5883	LVED
3143	5884	AEQ
3144	5885	DSEG
3145	5886	NAA
3146	5887	KLD
3147	5888	ASLE
3148	5889	HAF
3149	5890	CQI
3150	5891	YGQQ
3151	5892	QKS
3152	5893	HLQ
3153	5894	MPQ
3154	5895	EKSS
3155	5896	MSV
3156	5897	EDLV
3157	5898	MMG
3158	5899	AELE
3159	5900	LLPK
3160	5901	EKET
3161	5902	LRC
3162	5903	EQI
3163	5904	LSRS
3164	5905	LAI
3165	5906	KPT
3166	5907	FLP
3167	5908	RND
3168	5909	RCT
3169	5910	CEF
3170	5911	KY
3171	5912	EQM
3172	5913	EKED
3173	5914	LAV
3174	5915	FF
3175	5916	PQG
3176	5917	WVS
3177	5918	YRC
3178	5919	LDVV
3179	5920	ELGG
3180	5921	LHLV
3181	5922	RLF
3182	5923	IR
3183	5924	TAI
3184	5925	DTD
3185	5926	EFT
3186	5927	WKI
3187	5928	QRR
3188	5929	VVD
3189	5930	HFT
3190	5931	DSLQ
3191	5932	NKG
3192	5933	PVKK
3193	5934	LLRG
3194	5935	YFS
3195	5936	LKVV
3196	5937	LATS
3197	5938	EEC
3198	5939	LKKQ
3199	5940	CFS
3200	5941	AF
3201	5942	LDT
3202	5943	YNI
3203	5944	PKA
3204	5945	YY
3205	5946	CEG
3206	5947	ELQ
3207	5948	EYT
3208	5949	CQ
3209	5950	RCS
3210	5951	LEQ
3211	5952	TVGS
3212	5953	LRSG
3213	5954	EDG
3214	5955	GGSG
3215	5956	PVTG
3216	5957	PDGS
3217	5958	ESEI
3218	5959	LLAV
3219	5960	LASV
3220	5961	PTG
3221	5962	FAT
3222	5963	MED
3223	5964	FQ
3224	5965	PTPP
3225	5966	LLPS
3226	5967	MAV
3227	5968	FLI
3228	5969	KVD
3229	5970	QIV
3230	5971	CGT
3231	5972	KELK
3232	5973	GGAS
3233	5974	QQV
3234	5975	RYT
3235	5976	QPQ
3236	5977	LSEE
3237	5978	YDS
3238	5979	ETV
3239	5980	PGSG
3240	5981	NQG
3241	5982	LQKK
3242	5983	QALQ
3243	5984	ERKK
3244	5985	FED
3245	5986	QQQQQQ
3246	5987	HEV
3247	5988	DGN
3248	5989	KMG
3249	5990	DA
3250	5991	EKLV
3251	5992	MKQ
3252	5993	ĠMV
3253	5994	RLEE
3254	5995	CRR
3255	5996	LRPG
3256	5997	MPS
3257	5998	KRG
3258	5999	ETT
3259	6000	DVDD
3260	6001	LEAS
3261	6002	EVEV
3262	6003	TVV
3263	6004	NKM
3264	6005	YPP
3265	6006	LVD
3266	6007	ADS
3267	6008	LEAG
3268	6009	YRP
3269	6010	LFY
3270	6011	REW
3271	6012	RSKS
3272	6013	LLLP
3273	6014	HPI
3274	6015	YPQ
3275	6016	HRA
3276	6017	FLR
3277	6018	FHI
3278	6019	NY
3279	6020	ESH
3280	6021	ĠMES
3281	6022	RPT
3282	6023	LDG
3283	6024	APA
3284	6025	PPPS
3285	6026	GSGA
3286	6027	EET
3287	6028	CRD
3288	6029	QMG
3289	6030	DSED
3290	6031	LPEK
3291	6032	ALK
3292	6033	PFG
3293	6034	LLEE
3294	6035	NAQ
3295	6036	LTN
3296	6037	LPAA
3297	6038	RKF
3298	6039	PIG
3299	6040	EQD
3300	6041	EGM
3301	6042	ELY
3302	6043	EMI
3303	6044	FLY
3304	6045	LAPS
3305	6046	PLAS
3306	6047	AGAG
3307	6048	PVTV
3308	6049	KFD
3309	6050	ELEV
3310	6051	CQH
3311	6052	IW
3312	6053	NVI
3313	6054	FGQ
3314	6055	TG
3315	6056	DEE
3316	6057	AAM
3317	6058	NEA
3318	6059	EQV
3319	6060	APW
3320	6061	LTAS
3321	6062	PLL
3322	6063	LLED
3323	6064	QYV
3324	6065	PNI
3325	6066	RRLR
3326	6067	VVVS
3327	6068	LALY
3328	6069	CRP
3329	6070	RNV
3330	6071	HLL
3331	6072	LAVD
3332	6073	AHI
3333	6074	WED
3334	6075	QEAA
3335	6076	APT
3336	6077	NLP
3337	6078	RWD
3338	6079	KPF
3339	6080	YLP
3340	6081	LEQQ
3341	6082	HLT
3342	6083	CDT
3343	6084	FVV
3344	6085	FW
3345	6086	MER
3346	6087	HH
3347	6088	DILK
3348	6089	MAP
3349	6090	ALW
3350	6091	HAK
3351	6092	PT
3352	6093	YPT
3353	6094	QAA
3354	6095	PY
3355	6096	LSKK
3356	6097	LVAS
3357	6098	ETAV
3358	6099	PAAV
3359	6100	AVSEG
3360	6101	LRGR
3361	6102	YS
3362	6103	ARK
3363	6104	RALL
3364	6105	PPQQ
3365	6106	QW
3366	6107	LQLV
3367	6108	KELQ
3368	6109	QGLL
3369	6110	YTS
3370	6111	ESSS
3371	6112	REGS
3372	6113	LRVS
3373	6114	DRGG
3374	6115	YRF
3375	6116	FSI
3376	6117	WC
3377	6118	VC
3378	6119	MEH
3379	6120	PLAA
3380	6121	RARV
3381	6122	PQPQ
3382	6123	QLI
3383	6124	LPTS
3384	6125	PIT
3385	6126	EFY
3386	6127	CVT
3387	6128	AGT
3388	6129	ENKS
3389	6130	LDS
3390	6131	QEC
3391	6132	QEI
3392	6133	LPSV
3393	6134	WDT
3394	6135	SSW
3395	6136	CDG
3396	6137	HQY
3397	6138	HKS
3398	6139	ATPG
3399	6140	CTT
3400	6141	QKD
3401	6142	LDM
3402	6143	PAGG
3403	6144	EVET
3404	6145	QDEQQ
3405	6146	AAC
3406	6147	HIG
3407	6148	WSV
3408	6149	ELAG
3409	6150	CRG
3410	6151	CRN
3411	6152	HKN
3412	6153	RDRS
3413	6154	LKVS
3414	6155	LARS
3415	6156	AEA
3416	6157	EPA
3417	6158	FVT
3418	6159	DSW
3419	6160	TW
3420	6161	QLV
3421	6162	PLF
3422	6163	LSPP
3423	6164	KYG
3424	6165	DLV
3425	6166	LGLD
3426	6167	FPH
3427	6168	PLSS
3428	6169	ENV
3429	6170	TVD
3430	6171	LSDV
3431	6172	QQLR
3432	6173	ED
3433	6174	LLEG
3434	6175	EQLD
3435	6176	FSD
3436	6177	LKKA
3437	6178	RNI
3438	6179	NAF
3439	6180	YVV
3440	6181	PSPT
3441	6182	QHG
3442	6183	YQH
3443	6184	YGGG
3444	6185	MKP
3445	6186	LQAI
3446	6187	PTGS
3447	6188	EENG
3448	6189	FEM
3449	6190	LDW
3450	6191	HLV
3451	6192	NLF
3452	6193	YQI
3453	6194	RMV
3454	6195	KRW
3455	6196	LHW
3456	6197	MKK
3457	6198	WAI
3458	6199	WTV
3459	6200	LISS
3460	6201	LN
3461	6202	PSLP
3462	6203	SSLS
3463	6204	NFG
3464	6205	CRK
3465	6206	CNG
3466	6207	TKAV
3467	6208	HTF
3468	6209	LSTF
3469	6210	PRRS
3470	6211	PQ
3471	6212	REE
3472	6213	QVI
3473	6214	PLEE
3474	6215	PPVS
3475	6216	PKV
3476	6217	CFG
3477	6218	ATI
3478	6219	EKEQ
3479	6220	KFI
3480	6221	RVG
3481	6222	TGF
3482	6223	NI
3483	6224	PRH
3484	6225	LSD
3485	6226	ALN
3486	6227	KRQ
3487	6228	YI
3488	6229	KIV
3489	6230	ATLT
3490	6231	HAT
3491	6232	ESD
3492	6233	LQKQ
3493	6234	KKN
3494	6235	RKAA
3495	6236	WS
3496	6237	MIN
3497	6238	LAKT
3498	6239	WLP
3499	6240	EAKK
3500	6241	KW
3501	6242	ATD
3502	6243	PCD
3503	6244	AVT
3504	6245	DNI
3505	6246	QEPP
3506	6247	LDY
3507	6248	RER
3508	6249	EKPY
3509	6250	KSSS
3510	6251	EFLK
3511	6252	FEG
3512	6253	KELL
3513	6254	NPV
3514	6255	QYG
3515	6256	FVS
3516	6257	CAK
3517	6258	RGER
3518	6259	MEN
3519	6260	RARA
3520	6261	LIC
3521	6262	LCG
3522	6263	KSKK
3523	6264	ARQ
3524	6265	SSGS
3525	6266	TGVV
3526	6267	PPPP
3527	6268	NIV
3528	6269	WDV
3529	6270	NKV
3530	6271	HLAA
3531	6272	NM
3532	6273	MAK
3533	6274	PTEE
3534	6275	ESEN
3535	6276	DLK
3536	6277	WEQ
3537	6278	ELW
3538	6279	RLM
3539	6280	LKQV
3540	6281	KNS
3541	6282	HRS
3542	6283	PSTS
3543	6284	LTG
3544	6285	EKLR
3545	6286	KHS
3546	6287	ARV
3547	6288	AYV
3548	6289	GF
3549	6290	RGRGRGRG
3550	6291	KNG
3551	6292	AQ
3552	6293	QDV
3553	6294	FPD
3554	6295	EEN
3555	6296	EVS
3556	6297	QVS
3557	6298	APAA
3558	6299	TLQ
3559	6300	PLA
3560	6301	DKD
3561	6302	KH
3562	6303	RSGQ
3563	6304	EAKS
3564	6305	LATV
3565	6306	CN
3566	6307	MMN
3567	6308	LPG
3568	6309	LSKG
3569	6310	FYS
3570	6311	YT
3571	6312	PII
3572	6313	ĠMG
3573	6314	GRTG
3574	6315	DG
3575	6316	FRG
3576	6317	PVI
3577	6318	EREA
3578	6319	RPP
3579	6320	EQEE
3580	6321	KAI
3581	6322	QELQ
3582	6323	HEP
3583	6324	ALRS
3584	6325	RPG
3585	6326	LKEF
3586	6327	IED
3587	6328	PGPG
3588	6329	GSI
3589	6330	ESEV
3590	6331	TK
3591	6332	RM
3592	6333	LTIT
3593	6334	PPG
3594	6335	ENS
3595	6336	QNS
3596	6337	YEG
3597	6338	PMV
3598	6339	LNLT
3599	6340	CAV
3600	6341	LVPG
3601	6342	KAA
3602	6343	MFS
3603	6344	YEW
3604	6345	SSY
3605	6346	TVLK
3606	6347	LVRS
3607	6348	TGI
3608	6349	EKEA
3609	6350	KF
3610	6351	RLRS
3611	6352	LSLP
3612	6353	KKVI
3613	6354	ILN
3614	6355	SSST
3615	6356	WKA
3616	6357	AGDG
3617	6358	IGI
3618	6359	DSLS
3619	6360	AQV
3620	6361	SSQ
3621	6362	KLC
3622	6363	YAP
3623	6364	AALK
3624	6365	HPA
3625	6366	TVRS
3626	6367	NPY
3627	6368	EPT
3628	6369	EVF
3629	6370	DGG
3630	6371	LKAQ
3631	6372	LDLG
3632	6373	HHG
3633	6374	PPAP
3634	6375	LPQG
3635	6376	LST
3636	6377	ALD
3637	6378	QDEE
3638	6379	AGPA
3639	6380	WEA
3640	6381	AVYS
3641	6382	IVM
3642	6383	AGEE
3643	6384	HLC
3644	6385	RVV
3645	6386	RSAA
3646	6387	LGSS
3647	6388	EGG
3648	6389	KTIT
3649	6390	GSV
3650	6391	LELL
3651	6392	LPPS
3652	6393	RGD
3653	6394	LAYV
3654	6395	GY
3655	6396	ATTT
3656	6397	HLA
3657	6398	YQY
3658	6399	NAI
3659	6400	NH
3660	6401	EEER
3661	6402	AELA
3662	6403	MKF
3663	6404	FAN
3664	6405	FLH
3665	6406	RGG
3666	6407	EVIS
3667	6408	PYD
3668	6409	AYN
3669	6410	TY
3670	6411	LARR
3671	6412	YAK
3672	6413	QGT
3673	6414	WSS
3674	6415	TGVS
3675	6416	LSY
3676	6417	EISS
3677	6418	KGT
3678	6419	LFI
3679	6420	FQS
3680	6421	KALE
3681	6422	TPLQ
3682	6423	NLH
3683	6424	HAQ
3684	6425	KQT
3685	6426	FAQ
3686	6427	LEVV
3687	6428	GGG
3688	6429	CPH
3689	6430	EDSS
3690	6431	NLK
3691	6432	AH
3692	6433	ASI
3693	6434	EV
3694	6435	KRR
3695	6436	HM
3696	6437	KVED
3697	6438	RAA
3698	6439	IRK
3699	6440	RPA
3700	6441	NII
3701	6442	VAA
3702	6443	GSGSG
3703	6444	RV
3704	6445	LALQ
3705	6446	EEAV
3706	6447	DIV
3707	6448	RSTG
3708	6449	KCG
3709	6450	QLF
3710	6451	EEED
3711	6452	GSD
3712	6453	ETG
3713	6454	TLV
3714	6455	RLI
3715	6456	LMKI
3716	6457	GAGG
3717	6458	PPD
3718	6459	PGLL
3719	6460	EVLK
3720	6461	ESLR
3721	6462	LVLN
3722	6463	EASV
3723	6464	EEEN
3724	6465	LTLR
3725	6466	HLS
3726	6467	H
3727	6468	TEA
3728	6469	EEIS
3729	6470	ERI
3730	6471	NPQ
3731	6472	HLN
3732	6473	MDD
3733	6474	RGGS
3734	6475	EDKK
3735	6476	HIV
3736	6477	LSLQ
3737	6478	VVS
3738	6479	AGGS
3739	6480	ALES
3740	6481	ECT
3741	6482	EEEV
3742	6483	QYI
3743	6484	ASGS
3744	6485	PAS
3745	6486	FRH
3746	6487	SG
3747	6488	FGG
3748	6489	QQPQ
3749	6490	WRK
3750	6491	NPA
3751	6492	EHI
3752	6493	FSFS
3753	6494	TVG
3754	6495	HLR
3755	6496	RKT
3756	6497	PVT
3757	6498	EAI
3758	6499	ELFS
3759	6500	RYV
3760	6501	LPV
3761	6502	DISS
3762	6503	NLE
3763	6504	TAT
3764	6505	LQN
3765	6506	RFS
3766	6507	LAH
3767	6508	LEC
3768	6509	QQIS
3769	6510	PALR
3770	6511	NVG
3771	6512	HQP
3772	6513	LGLQ
3773	6514	MET
3774	6515	KSG
3775	6516	FERI
3776	6517	LTPV
3777	6518	LTTS
3778	6519	PGI
3779	6520	KTI
3780	6521	CRH
3781	6522	WLA
3782	6523	RPR
3783	6524	TH
3784	6525	PGAG
3785	6526	WLD
3786	6527	EVLG
3787	6528	LND
3788	6529	KKF
3789	6530	LLEK
3790	6531	EDDD
3791	6532	EALK
3792	6533	EKLD
3793	6534	HD
3794	6535	AWV
3795	6536	YV
3796	6537	PLG
3797	6538	CVS
3798	6539	EIH
3799	6540	YTD
3800	6541	RED
3801	6542	QGG
3802	6543	PTT
3803	6544	TLD
3804	6545	EQLV
3805	6546	LQT
3806	6547	CLD
3807	6548	FP
3808	6549	TVS
3809	6550	KGG
3810	6551	TED
3811	6552	PWS
3812	6553	DVDEC
3813	6554	LMT
3814	6555	MKV
3815	6556	KST
3816	6557	RPV
3817	6558	CQG
3818	6559	LWI
3819	6560	YDT
3820	6561	AVTG
3821	6562	MLN
3822	6563	IN
3823	6564	AAGS
3824	6565	FEY
3825	6566	NLN
3826	6567	VGAG
3827	6568	LKEI
3828	6569	PAAS
3829	6570	YQM
3830	6571	DFS
3831	6572	PSEG
3832	6573	CQF
3833	6574	LPGS
3834	6575	LGSG
3835	6576	MHS
3836	6577	LEN
3837	6578	RDG
3838	6579	LDN
3839	6580	SSI
3840	6581	RNW
3841	6582	FTS
3842	6583	ATAG
3843	6584	LAQQ
3844	6585	LTH
3845	6586	AGGAG
3846	6587	HMS
3847	6588	QSV
3848	6589	DVLL
3849	6590	KCI
3850	6591	LDDV
3851	6592	LSPQ
3852	6593	HGS
3853	6594	FIS
3854	6595	FIN
3855	6596	KPP
3856	6597	AEY
3857	6598	MNT
3858	6599	QR
3859	6600	ASF
3860	6601	GSGS
3861	6602	DEA
3862	6603	HYV
3863	6604	EKEE
3864	6605	ILD
3865	6606	PKEP
3866	6607	NQD
3867	6608	RTI
3868	6609	LVM
3869	6610	FAF
3870	6611	MC
3871	6612	LRH
3872	6613	LVN
3873	6614	LI
3874	6615	KKKA
3875	6616	RGLD
3876	6617	TSVS
3877	6618	NGI
3878	6619	LLK
3879	6620	QSPG
3880	6621	WIT
3881	6622	FVI
3882	6623	EKGS
3883	6624	QLD
3884	6625	KEF
3885	6626	QIG
3886	6627	NPS
3887	6628	LLGG
3888	6629	ELES
3889	6630	DGV
3890	6631	EVEG
3891	6632	NQM
3892	6633	QIS
3893	6634	LREV
3894	6635	KDG
3895	6636	ALH
3896	6637	RTW
3897	6638	LEGI
3898	6639	AEH
3899	6640	GR
3900	6641	LPED
3901	6642	MMV
3902	6643	EELQ
3903	6644	LIF
3904	6645	FYI
3905	6646	FRF
3906	6647	PVPS
3907	6648	SSSS
3908	6649	NLQ
3909	6650	CR
3910	6651	SSF
3911	6652	RLE
3912	6653	LAGS
3913	6654	EAVA
3914	6655	ALSS
3915	6656	LGDV
3916	6657	EHD
3917	6658	PCT
3918	6659	CPC
3919	6660	DDLR
3920	6661	NIQK
3921	6662	CTA
3922	6663	GS
3923	6664	HEM
3924	6665	ISPS
3925	6666	AKLK
3926	6667	KTKG
3927	6668	PSLG
3928	6669	TKV
3929	6670	LSED
3930	6671	LEGS
3931	6672	IPS
3932	6673	YD
3933	6674	WEG
3934	6675	YKC
3935	6676	EEEEEEEE
3936	6677	KELA
3937	6678	RRG
3938	6679	KEKK
3939	6680	HRQ
3940	6681	LDLL
3941	6682	CPI
3942	6683	LESS
3943	6684	DGTG
3944	6685	QMV
3945	6686	EDM
3946	6687	GM
3947	6688	GGF
3948	6689	CNS
3949	6690	TLS
3950	6691	IES
3951	6692	RQ
3952	6693	EEALK
3953	6694	RTT
3954	6695	PGAA
3955	6696	CLA
3956	6697	HRI
3957	6698	KPG
3958	6699	CET
3959	6700	HFV
3960	6701	QKEE
3961	6702	QKLL
3962	6703	RRER
3963	6704	PKEE
3964	6705	NMG
3965	6706	LSTS
3966	6707	PEP
3967	6708	PAPQ
3968	6709	MAG
3969	6710	CPS
3970	6711	HMD
3971	6712	LSVS
3972	6713	LIW
3973	6714	NKH
3974	6715	MLD
3975	6716	LRTS
3976	6717	AQD
3977	6718	NW
3978	6719	DER
3979	6720	KGKK
3980	6721	HHV
3981	6722	LW
3982	6723	ETD
3983	6724	AASS
3984	6725	LEV
3985	6726	KHD
3986	6727	HTA
3987	6728	GSED
3988	6729	EID
3989	6730	DVI
3990	6731	KPD
3991	6732	AND
3992	6733	CLF
3993	6734	YGI
3994	6735	LQEA
3995	6736	NEY
3996	6737	PGLS
3997	6738	KHV
3998	6739	LRT
3999	6740	CPR
4000	6741	LEEV
4001	6742	TGG
4002	6743	ILG
4003	6744	KLAA
4004	6745	NYI
4005	6746	LEKG
4006	6747	LRQ
4007	6748	FSF
4008	6749	DAG
4009	6750	AALG
4010	6751	EQLR
4011	6752	ALG
4012	6753	QNW
4013	6754	NC
4014	6755	LHC
4015	6756	QAG
4016	6757	RAAV
4017	6758	LSEK
4018	6759	APGG
4019	6760	ESS
4020	6761	ĠMAT
4021	6762	FEE
4022	6763	EAN
4023	6764	QTD
4024	6765	EVG
4025	6766	MYD
4026	6767	ATG
4027	6768	ASC
4028	6769	YHV
4029	6770	QLK
4030	6771	FKI
4031	6772	PLK
4032	6773	LTLL
4033	6774	LRRS
4034	6775	QGI
4035	6776	AAI
4036	6777	LLLR
4037	6778	ALR
4038	6779	RIYG
4039	6780	PAT
4040	6781	EALR
4041	6782	KRD
4042	6783	HRK
4043	6784	NFS
4044	6785	EGEV
4045	6786	QQQEP
4046	6787	ATEE
4047	6788	EEVS
4048	6789	RSS
4049	6790	MII
4050	6791	AMS
4051	6792	CEY
4052	6793	ELAS
4053	6794	LTS
4054	6795	EAW
4055	6796	NS
4056	6797	LKT
4057	6798	PRPS
4058	6799	MA
4059	6800	AGSS
4060	6801	CAT
4061	6802	ESF
4062	6803	LKGS
4063	6804	RS
4064	6805	PNS
4065	6806	LVPS
4066	6807	MI
4067	6808	HGD
4068	6809	QALG
4069	6810	TES
4070	6811	LEG
4071	6812	EDEA
4072	6813	HLY
4073	6814	GGT
4074	6815	VSAS
4075	6816	ALKS
4076	6817	KELY
4077	6818	TVTT
4078	6819	RARF
4079	6820	YGQH
4080	6821	EVV
4081	6822	PEPP
4082	6823	LC
4083	6824	QET
4084	6825	KDT
4085	6826	ESG
4086	6827	APGS
4087	6828	RVD
4088	6829	PLGG
4089	6830	KV
4090	6831	SSPG
4091	6832	ANG
4092	6833	APN
4093	6834	EKI
4094	6835	PPV
4095	6836	EW
4096	6837	EALQ
4097	6838	LVLG
4098	6839	AGVI
4099	6840	LNT
4100	6841	FA
4101	6842	FNG
4102	6843	AKDV
4103	6844	IGD
4104	6845	NEF
4105	6846	YCD
4106	6847	LGSI
4107	6848	RGGG
4108	6849	NEM
4109	6850	AQQ
4110	6851	YAR
4111	6852	PTTP
4112	6853	SSG
4113	6854	T
4114	6855	EAM
4115	6856	GGKA
4116	6857	VT
4117	6858	PTPV
4118	6859	LVEI
4119	6860	HQH
4120	6861	EQG
4121	6862	FRA
4122	6863	PPPPG
4123	6864	YVG
4124	6865	PRA
4125	6866	QKDS
4126	6867	RVAV
4127	6868	RELR
4128	6869	FRN
4129	6870	EELK
4130	6871	PELP
4131	6872	WN
4132	6873	RQAA
4133	6874	TGSS
4134	6875	VGD
4135	6876	RYN
4136	6877	AVSS
4137	6878	PWG
4138	6879	LPSS
4139	6880	FQF
4140	6881	TSTS
4141	6882	CAG
4142	6883	WDD
4143	6884	PTS
4144	6885	ADG
4145	6886	LLVG
4146	6887	KWV
4147	6888	LMD
4148	6889	EDF
4149	6890	FIG
4150	6891	LLGT
4151	6892	LTKS
4152	6893	L
4153	6894	CCV
4154	6895	YYV
4155	6896	QDG
4156	6897	MKD
4157	6898	QNV
4158	6899	LQSS
4159	6900	ENI
4160	6901	LYI
4161	6902	MES
4162	6903	TRS
4163	6904	HLI
4164	6905	QQ
4165	6906	EEEI
4166	6907	CG
4167	6908	PRG
4168	6909	WNV
4169	6910	LES
4170	6911	LKEQ
4171	6912	EELT
4172	6913	KNI
4173	6914	QLPP
4174	6915	KQV
4175	6916	CKY
4176	6917	LRDG
4177	6918	EAEA
4178	6919	LTM
4179	6920	LLKK
4180	6921	KKRK
4181	6922	HNG
4182	6923	ELLS
4183	6924	LKDI
4184	6925	PGG
4185	6926	PPPQ
4186	6927	EGS
4187	6928	WGD
4188	6929	FAR
4189	6930	HTT
4190	6931	SSSSS
4191	6932	EGV
4192	6933	FCS
4193	6934	DLE
4194	6935	HID
4195	6936	FEI
4196	6937	DGT
4197	6938	DSI
4198	6939	FEV
4199	6940	HEA
4200	6941	PPAT
4201	6942	MPA
4202	6943	RAG
4203	6944	HEQ
4204	6945	EILR
4205	6946	YYN
4206	6947	HED
4207	6948	WGV
4208	6949	YLV
4209	6950	QLC
4210	6951	FEN
4211	6952	KTAV
4212	6953	DLI
4213	6954	LKEA
4214	6955	LAS
4215	6956	EAF
4216	6957	LVRR
4217	6958	DSD
4218	6959	RAQ
4219	6960	LVRQ
4220	6961	DLS
4221	6962	KE
4222	6963	EIS
4223	6964	KPAS
4224	6965	PAPA
4225	6966	LYD
4226	6967	EGSG
4227	6968	PGAP
4228	6969	QA
4229	6970	DPS
4230	6971	YGT
4231	6972	DDG
4232	6973	AK
4233	6974	EFED
4234	6975	CLH
4235	6976	LALL
4236	6977	ELPP
4237	6978	MQG
4238	6979	LKKI
4239	6980	KLE
4240	6981	PED
4241	6982	EVT
4242	6983	DST
4243	6984	LTAI
4244	6985	ASPP
4245	6986	PEES
4246	6987	ELEEQEQ
4247	6988	QGV
4248	6989	RIG
4249	6990	EKEN
4250	6991	ALP
4251	6992	QAEE
4252	6993	LLKS
4253	6994	RQLQ
4254	6995	HKG
4255	6996	EGI
4256	6997	PHV
4257	6998	LKAA
4258	6999	LLLE
4259	7000	EILN
4260	7001	LIS
4261	7002	CQQ
4262	7003	EKS
4263	7004	KGY
4264	7005	CNT
4265	7006	LLSG
4266	7007	QRT
4267	7008	FSG
4268	7009	LLLG
4269	7010	HGG
4270	7011	PQT
4271	7012	IIG
4272	7013	LLS
4273	7014	PIV
4274	7015	FAS
4275	7016	YSI
4276	7017	PSES
4277	7018	EEET
4278	7019	WKS
4279	7020	AVSV
4280	7021	ASSG
4281	7022	HTG
4282	7023	MGV
4283	7024	EPY
4284	7025	WET
4285	7026	ELEE
4286	7027	TAG
4287	7028	LVTG
4288	7029	QCS
4289	7030	RQQ
4290	7031	LRAV
4291	7032	CAR
4292	7033	RLGS
4293	7034	CER
4294	7035	ELK
4295	7036	AGV
4296	7037	LVSG
4297	7038	KTLQ
4298	7039	MNI
4299	7040	MYG
4300	7041	LAEN
4301	7042	QRG
4302	7043	EFSS
4303	7044	TGKT
4304	7045	ADV
4305	7046	LKNG
4306	7047	DSS
4307	7048	LSLY
4308	7049	LNS
4309	7050	PID
4310	7051	LPAT
4311	7052	NSKS
4312	7053	TLL
4313	7054	CRY
4314	7055	I
4315	7056	ELM
4316	7057	AVAS
4317	7058	MLR
4318	7059	ĠM
4319	7060	LYS
4320	7061	KAK
4321	7062	ATT
4322	7063	FHG
4323	7064	CT
4324	7065	FRT
4325	7066	PLD
4326	7067	ELAKH
4327	7068	ATV
4328	7069	LLSS
4329	7070	PALE
4330	7071	PTV
4331	7072	RLAS
4332	7073	MFV
4333	7074	LQS
4334	7075	LKM
4335	7076	LQQQ
4336	7077	PAI
4337	7078	AVS
4338	7079	QPR
4339	7080	DQ
4340	7081	HKT
4341	7082	HFI
4342	7083	FG
4343	7084	TVW
4344	7085	RNT
4345	7086	ĠMT
4346	7087	NKA
4347	7088	MTV
4348	7089	TLR
4349	7090	HG
4350	7091	EE
4351	7092	AFI
4352	7093	ANV
4353	7094	LLH
4354	7095	QPF
4355	7096	ESLA
4356	7097	LERI
4357	7098	EERR
4358	7099	EVD
4359	7100	LLLS
4360	7101	PRAS
4361	7102	LELAGN
4362	7103	LELI
4363	7104	KLS
4364	7105	DDED
4365	7106	RRLS
4366	7107	FKY
4367	7108	YQA
4368	7109	RALE
4369	7110	KSEV
4370	7111	CQM
4371	7112	FNV
4372	7113	DDLV
4373	7114	QHV
4374	7115	LLQN
4375	7116	HNV
4376	7117	ANPD
4377	7118	MAS
4378	7119	KKKK
4379	7120	NTI
4380	7121	QELF
4381	7122	AVW
4382	7123	EQ
4383	7124	MVI
4384	7125	ELPS
4385	7126	RGN
4386	7127	RDT
4387	7128	YQN
4388	7129	ETLN
4389	7130	SSVS
4390	7131	CVI
4391	7132	LRLQ
4392	7133	ASGG
4393	7134	PESS
4394	7135	YLI
4395	7136	LESG
4396	7137	DGER
4397	7138	PPQP
4398	7139	LQER
4399	7140	KQLE
4400	7141	ELT
4401	7142	RRT
4402	7143	FGSS
4403	7144	MEG
4404	7145	TVSG
4405	7146	PPLV
4406	7147	CPV
4407	7148	LPVS
4408	7149	KRV
4409	7150	LVDS
4410	7151	LLEI
4411	7152	FD
4412	7153	RSW
4413	7154	EEEED
4414	7155	EQS
4415	7156	LPP
4416	7157	QDI
4417	7158	HQI
4418	7159	EKLE
4419	7160	FRI
4420	7161	HLG
4421	7162	YKR
4422	7163	CRT
4423	7164	YDD
4424	7165	DVES
4425	7166	KGAA
4426	7167	VVI
4427	7168	CLE
4428	7169	NNV
4429	7170	MLE
4430	7171	ERLE
4431	7172	PPHS
4432	7173	LDSV
4433	7174	AGVV
4434	7175	LEDD
4435	7176	DLT
4436	7177	AKW
4437	7178	ELE
4438	7179	FPQ
4439	7180	LAF
4440	7181	RSPS
4441	7182	EPAA
4442	7183	LQEK
4443	7184	DVG
4444	7185	LSG
4445	7186	ASTS
4446	7187	RARR
4447	7188	ALY
4448	7189	LAEG
4449	7190	RRGG
4450	7191	LKEK
4451	7192	EVTV
4452	7193	IPV
4453	7194	EGT
4454	7195	RRLL
4455	7196	FLN
4456	7197	LVKT
4457	7198	ISAS
4458	7199	EKLK
4459	7200	KAAS
4460	7201	YEN
4461	7202	AAQG
4462	7203	MQN
4463	7204	LPF
4464	7205	YKQ
4465	7206	RRN
4466	7207	DSV
4467	7208	LENI
4468	7209	RPI
4469	7210	NRT
4470	7211	FID
4471	7212	RERR
4472	7213	RTV
4473	7214	LAVS
4474	7215	WLK
4475	7216	ISG
4476	7217	FSV
4477	7218	EDGG
4478	7219	DSVV
4479	7220	KEKS
4480	7221	LRKV
4481	7222	WRQ
4482	7223	IH
4483	7224	HII
4484	7225	TSGG
4485	7226	KLA
4486	7227	HPD
4487	7228	LADI
4488	7229	LS
4489	7230	HKR
4490	7231	YVI
4491	7232	NRV
4492	7233	TAGG
4493	7234	AAS
4494	7235	CKQ
4495	7236	FLT
4496	7237	LEI
4497	7238	CEC
4498	7239	PPI
4499	7240	EAVV
4500	7241	FQM
4501	7242	KEW
4502	7243	RRV
4503	7244	TPS
4504	7245	CAN
4505	7246	LELD
4506	7247	RHI
4507	7248	CLI
4508	7249	ASLV
4509	7250	SSPP
4510	7251	PPT
4511	7252	LFEE
4512	7253	LPVG
4513	7254	RII
4514	7255	YFN
4515	7256	ARR
4516	7257	IDPV
4517	7258	YCG
4518	7259	WRF
4519	7260	LRLR
4520	7261	RI
4521	7262	NPI
4522	7263	GQ
4523	7264	IVS
4524	7265	LLLA
4525	7266	TGEG
4526	7267	ES
4527	7268	YRA
4528	7269	NRN
4529	7270	PI
4530	7271	PALL
4531	7272	IHS
4532	7273	KKDG
4533	7274	LTER
4534	7275	NIS
4535	7276	LVF
4536	7277	MRI
4537	7278	CPA
4538	7279	FQA
4539	7280	EEKI
4540	7281	ELN
4541	7282	TVAS
4542	7283	KKLS
4543	7284	LVAI
4544	7285	LLQS
4545	7286	LELK
4546	7287	KLT
4547	7288	EPVV
4548	7289	SSV
4549	7290	LAKK
4550	7291	TGT
4551	7292	CFV
4552	7293	QCI
4553	7294	FM
4554	7295	QPLP
4555	7296	CKS
4556	7297	HKH
4557	7298	HRN
4558	7299	KEM
4559	7300	GSPS
4560	7301	YRT
4561	7302	CRQ
4562	7303	YRG
4563	7304	LQQ
4564	7305	KRLL
4565	7306	LLAS
4566	7307	IVD
4567	7308	LKN
4568	7309	TSVT
4569	7310	KTLS
4570	7311	HPG
4571	7312	LIAG
4572	7313	RLR
4573	7314	DSM
4574	7315	RGI
4575	7316	GSLS
4576	7317	TAEE
4577	7318	HQK
4578	7319	VN
4579	7320	AAN
4580	7321	KPQ
4581	7322	KSI
4582	7323	LWS
4583	7324	NVT
4584	7325	LPW
4585	7326	TEE
4586	7327	YYD
4587	7328	AGEV
4588	7329	LLAA
4589	7330	ASGD
4590	7331	NPF
4591	7332	PER
4592	7333	LKEV
4593	7334	HNI
4594	7335	AFS
4595	7336	NFI
4596	7337	ESLQ
4597	7338	PSLL
4598	7339	LPKG
4599	7340	DM
4600	7341	LIEI
4601	7342	EEVD
4602	7343	NLM
4603	7344	TP
4604	7345	EKAG
4605	7346	KPA
4606	7347	FQQ
4607	7348	MKA
4608	7349	CKD
4609	7350	HKY
4610	7351	RGT
4611	7352	FII
4612	7353	QLT
4613	7354	VVC
4614	7355	CTV
4615	7356	EDLD
4616	7357	HST
4617	7358	LLSI
4618	7359	LQQV
4619	7360	EEEE
4620	7361	LPPG
4621	7362	KID
4622	7363	PSAT
4623	7364	RLS
4624	7365	CGV
4625	7366	QKQ
4626	7367	PVTS
4627	7368	MLY
4628	7369	EL
4629	7370	MV
4630	7371	KYN
4631	7372	AAEA
4632	7373	ASS
4633	7374	TSH
4634	7375	FAV
4635	7376	DK
4636	7377	PKG
4637	7378	ALEE
4638	7379	DGI
4639	7380	DVAA
4640	7381	YKV
4641	7382	WEE
4642	7383	LSLS
4643	7384	KLSS
4644	7385	RID
4645	7386	AASG
4646	7387	TSS
4647	7388	YEP
4648	7389	RKG
4649	7390	TR
4650	7391	FET
4651	7392	WI
4652	7393	KKLK
4653	7394	HHI
4654	7395	AAQ
4655	7396	PRRG
4656	7397	PVAS
4657	7398	EEG
4658	7399	LLN
4659	7400	LEKI
4660	7401	LLAQ
4661	7402	HHT
4662	7403	AARD
4663	7404	WNS
4664	7405	LQI
4665	7406	PCV
4666	7407	HPP
4667	7408	SSEN
4668	7409	APLP
4669	7410	PGH
4670	7411	YGS
4671	7412	ENSS
4672	7413	WLC
4673	7414	PRLP
4674	7415	PPPPPPPP
4675	7416	EAA
4676	7417	KVF
4677	7418	LIKD
4678	7419	LTAA
4679	7420	HT
4680	7421	EQLQ
4681	7422	LCLR
4682	7423	NQA
4683	7424	CRF
4684	7425	MVD
4685	7426	EH
4686	7427	MKN
4687	7428	ALT
4688	7429	NVLI
4689	7430	MY
4690	7431	LVH
4691	7432	LAEQ
4692	7433	REF
4693	7434	LQW
4694	7435	RPQ
4695	7436	LCI
4696	7437	QQAA
4697	7438	EQER
4698	7439	TSD
4699	7440	QEE
4700	7441	AFT
4701	7442	NPH
4702	7443	TQS
4703	7444	LWV
4704	7445	ANS
4705	7446	GGGYGG
4706	7447	EEAK
4707	7448	TVTS
4708	7449	MQA
4709	7450	KED
4710	7451	APPS
4711	7452	RAAS
4712	7453	DEQ
4713	7454	PMG
4714	7455	LGSV
4715	7456	DIAS
4716	7457	LLPT
4717	7458	AKM
4718	7459	KKLE
4719	7460	PVDV
4720	7461	LP
4721	7462	LKED
4722	7463	TIV
4723	7464	LSPT
4724	7465	FI
4725	7466	CP
4726	7467	LQEQ
4727	7468	LEET
4728	7469	AGPG
4729	7470	HPV
4730	7471	LIQD
4731	7472	RKLE
4732	7473	PSGS
4733	7474	FDD
4734	7475	KRN
4735	7476	LVLD
4736	7477	TRR
4737	7478	QPG
4738	7479	LPAS
4739	7480	AAW
4740	7481	RGS
4741	7482	AE
4742	7483	HVV
4743	7484	LEAH
4744	7485	LY
4745	7486	HQN
4746	7487	PYG
4747	7488	LVRK
4748	7489	LNSS
4749	7490	GGGS
4750	7491	LAFS
4751	7492	ASVS
4752	7493	NNG
4753	7494	KVLL
4754	7495	FSKS
4755	7496	TM
4756	7497	KTD
4757	7498	APR
4758	7499	YKK
4759	7500	YTV
4760	7501	YSPTS
