	protein_sequence1	protein_sequence2
0	1621	1522
1	2162	453
2	1340	335
3	1340	1395
4	1340	1062
5	1340	835
6	1674	144
7	1674	1743
8	1389	2376
9	2681	1319
10	2681	463
11	1159	1743
12	1083	1743
13	47	1522
14	1648	1881
15	2326	809
16	2326	2221
17	2326	1540
18	2166	1166
19	2730	1743
20	1753	73
21	277	1062
22	1731	2436
23	343	1878
24	1491	2379
25	1712	1909
26	900	1743
27	2725	2456
28	2175	1924
29	1263	1522
30	1263	2677
31	1263	73
32	1263	1871
33	2313	2456
34	1099	2544
35	1497	73
36	81	2490
37	942	1522
38	942	2544
39	266	2490
40	1820	2427
41	1820	2490
42	1820	1355
43	1820	590
44	2131	2337
45	2131	1370
46	2448	2490
47	1219	272
48	1219	1157
49	1219	1924
50	1981	2724
51	1981	2498
52	1981	2594
53	1981	272
54	1981	314
55	1981	1924
56	1981	2136
57	1981	1563
58	1981	1068
59	1419	327
60	1419	2427
61	2638	1522
62	1940	1330
63	1940	1736
64	1940	1792
65	1940	27
66	1940	30
67	1940	1924
68	1940	1743
69	1940	1607
70	1193	2490
71	962	163
72	2390	2490
73	2562	2140
74	2562	1743
75	2562	290
76	2562	272
77	2562	73
78	2562	1035
79	2562	2490
80	2562	878
81	2562	1218
82	2562	144
83	2562	1035
84	1095	1743
85	1095	144
86	2043	2072
87	2303	30
88	2303	878
89	2303	1607
90	1536	1679
91	447	1522
92	447	878
93	2323	1218
94	717	1895
95	381	1924
96	381	2594
97	381	314
98	381	1522
99	381	330
100	2058	1970
101	2058	485
102	2058	272
103	2058	1924
104	2058	2594
105	2058	314
106	2058	2677
107	2058	330
108	2058	2189
109	2058	1522
110	2034	2205
111	2034	1522
112	1200	1607
113	1200	1685
114	1200	1881
115	263	463
116	263	1924
117	263	1607
118	263	30
119	263	1881
120	25	2427
121	25	327
122	132	954
123	808	1607
124	2459	1629
125	2459	860
126	2459	1697
127	2459	2680
128	2459	2257
129	2459	1153
130	2459	695
131	984	2205
132	984	2427
133	984	1522
134	2240	2205
135	2240	1522
136	2240	2677
137	1556	2456
138	1556	1035
139	1556	1756
140	811	2544
141	811	1522
142	558	163
143	2614	854
144	2643	1738
145	271	2544
146	1361	314
147	2202	1924
148	2202	1522
149	136	2140
150	442	2427
151	442	1355
152	442	2673
153	442	327
154	1448	2677
155	927	1326
156	427	341
157	192	1881
158	1695	2490
159	2275	2544
160	2275	163
161	2275	1321
162	2348	860
163	2348	1522
164	2032	1924
165	221	2544
166	221	1319
167	946	1743
168	946	144
169	2597	335
170	2597	954
171	2597	1285
172	2597	52
173	2597	290
174	492	2544
175	492	878
176	492	73
177	1646	1218
178	1551	2544
179	45	555
180	45	2490
181	1511	272
182	1511	1924
183	1511	2498
184	1511	2594
185	1511	1166
186	1511	1068
187	1511	1078
188	316	163
189	316	1522
190	316	2677
191	106	1881
192	1315	1625
193	1656	537
194	2491	80
195	2076	1924
196	391	2102
197	2106	926
198	2137	1091
199	1031	2677
200	818	2379
201	1528	463
202	1528	878
203	1528	272
204	1528	1924
205	1528	2677
206	1502	860
207	416	2427
208	416	1881
209	416	327
210	1814	832
211	1814	286
212	1814	80
213	1356	2490
214	1008	2673
215	393	341
216	393	1755
217	784	860
218	784	2257
219	784	695
220	2526	2677
221	2299	1924
222	2299	1522
223	24	2544
224	24	878
225	24	1522
226	1824	2427
227	293	463
228	293	1396
229	293	272
230	293	1924
231	293	2498
232	293	869
233	64	2544
234	64	774
235	64	1522
236	64	19
237	755	80
238	2416	2456
239	890	408
240	996	2490
241	446	2349
242	2213	370
243	2213	1280
244	2213	414
245	2213	1053
246	1960	2490
247	1960	878
248	1960	1218
249	1960	1157
250	1960	2677
251	1960	73
252	1960	144
253	1960	1743
254	223	878
255	2574	1970
256	2574	485
257	2574	1337
258	2574	1218
259	2574	1522
260	2574	73
261	1959	2490
262	1959	878
263	2425	463
264	2425	878
265	1373	463
266	1373	1522
267	1373	2677
268	1373	869
269	1229	2544
270	2712	453
271	1571	463
272	1571	878
273	1571	1209
274	1571	1522
275	1571	2677
276	1571	869
277	1107	1924
278	953	341
279	1472	1738
280	1472	1522
281	951	1056
282	951	1517
283	2207	463
284	2207	2490
285	2207	2367
286	2207	1275
287	2207	1522
288	2207	2677
289	915	2490
290	2704	2490
291	2704	2170
292	572	2490
293	572	878
294	906	1580
295	1880	163
296	1880	1906
297	1880	1881
298	1115	878
299	1343	925
300	1806	2427
301	1806	2490
302	1806	49
303	493	1738
304	2230	878
305	1304	370
306	1304	2490
307	1304	414
308	1304	1618
309	1304	2080
310	2502	2135
311	2069	2427
312	59	1522
313	799	2205
314	1257	2490
315	1529	1522
316	955	2189
317	955	463
318	955	2490
319	955	272
320	955	1607
321	955	290
322	955	2594
323	955	1685
324	955	19
325	955	30
326	955	869
327	955	1035
328	955	2164
329	1270	2544
330	1270	1522
331	2250	2490
332	2250	669
333	89	2544
334	2154	2633
335	265	1662
336	295	860
337	2375	2632
338	2375	1078
339	331	370
340	331	414
341	331	1053
342	177	2544
343	177	1522
344	177	1300
345	2110	2456
346	1552	2135
347	2412	463
348	2412	1781
349	2412	1522
350	2412	73
351	2093	2490
352	2093	1924
353	2132	1685
354	825	1924
355	2386	144
356	1490	2427
357	1490	327
358	987	1881
359	987	809
360	987	2221
361	987	1924
362	987	610
363	987	1763
364	987	314
365	987	621
366	987	30
367	987	2693
368	1928	887
369	2639	1881
370	1027	1881
371	1549	862
372	1549	1881
373	1549	2427
374	1549	878
375	1549	272
376	1549	1924
377	1549	2498
378	1549	290
379	1549	2594
380	1549	1685
381	1549	1157
382	1549	2677
383	1549	30
384	1549	1068
385	1549	194
386	2190	1629
387	2359	1522
388	2249	414
389	2249	1273
390	747	2427
391	747	1355
392	376	80
393	2466	2079
394	2466	1148
395	2341	878
396	2341	1157
397	2341	2677
398	2341	73
399	725	878
400	936	1970
401	936	485
402	936	463
403	936	272
404	936	1924
405	936	2498
406	936	2594
407	2291	2687
408	2291	1924
409	1025	2427
410	1025	73
411	1025	590
412	1299	463
413	1299	2490
414	1299	272
415	1299	1685
416	1562	1924
417	1562	1522
418	648	1522
419	513	1607
420	1105	1792
421	1500	1522
422	2005	1738
423	2005	1522
424	291	1970
425	291	485
426	907	2490
427	1673	2135
428	2621	2490
429	2621	73
430	1516	2135
431	1269	2490
432	1269	1330
433	2615	904
434	1604	463
435	1604	272
436	1604	2498
437	1604	2594
438	1348	2490
439	41	2490
440	41	341
441	41	1618
442	292	1522
443	292	2677
444	2284	2632
445	2284	1078
446	526	463
447	526	1522
448	526	2677
449	349	2544
450	520	335
451	520	2677
452	520	2168
453	520	2376
454	520	2490
455	520	1395
456	520	2673
457	520	1297
458	520	1091
459	520	2661
460	2096	2490
461	1362	570
462	1362	1817
463	2439	1738
464	2351	1262
465	440	463
466	440	2544
467	440	163
468	440	1522
469	440	1078
470	2014	1522
471	2014	2677
472	1543	272
473	1543	1924
474	1543	1157
475	1543	2677
476	1543	1743
477	151	163
478	1866	1522
479	730	144
480	1272	1924
481	1272	1755
482	1272	1607
483	1272	2594
484	1272	30
485	1925	642
486	2433	2677
487	1332	2205
488	1332	80
489	1757	878
490	1757	80
491	2566	1522
492	2566	2677
493	1039	2544
494	1039	878
495	1039	1924
496	1039	1743
497	1308	2544
498	1308	1522
499	606	272
500	606	1924
501	606	2257
502	606	314
503	606	2736
504	606	1093
505	606	144
506	58	2490
507	1739	860
508	1739	2673
509	1402	2544
510	1402	2490
511	1402	2673
512	1402	2677
513	1010	2490
514	2484	2456
515	1882	1218
516	2304	2205
517	1019	2319
518	1019	1078
519	1019	1078
520	1019	1078
521	1019	1078
522	1559	1878
523	2176	1100
524	2176	2135
525	1879	453
526	1879	835
527	1879	185
528	1879	772
529	1879	1062
530	1879	2379
531	1879	2331
532	1879	669
533	1879	2473
534	1170	2490
535	2610	2490
536	361	2544
537	827	2544
538	2193	878
539	46	2687
540	46	1629
541	46	490
542	46	286
543	36	2740
544	1740	2490
545	1843	1924
546	1843	2677
547	655	1743
548	655	1924
549	1282	2677
550	234	1522
551	2737	1738
552	2737	1522
553	579	463
554	579	1685
555	579	1522
556	579	2677
557	579	869
558	1416	860
559	1726	2544
560	2053	1285
561	2053	1805
562	2053	1833
563	2053	80
564	2053	887
565	2053	1522
566	920	1805
567	920	1522
568	1651	694
569	1651	694
570	1382	1629
571	1917	860
572	1917	163
573	2515	2544
574	2515	333
575	1229	2544
576	1229	2544
577	2731	1522
578	31	2490
579	787	1569
580	787	1079
581	1626	80
582	317	1522
583	2311	144
584	2033	1330
585	1124	1569
586	1124	1079
587	1124	2102
588	2054	2436
589	2054	1342
590	2054	432
591	2054	2724
592	2054	2498
593	2054	2594
594	2054	272
595	2054	2136
596	2054	1563
597	2054	1068
598	2054	1035
599	2054	1924
600	2054	485
601	2054	1970
602	2054	2189
603	2054	1522
604	957	2544
605	1649	386
606	1505	1522
607	1505	485
608	1505	860
609	1505	1970
610	968	1522
611	2479	80
612	1460	2427
613	1460	1608
614	2546	1743
615	2546	144
616	2206	1580
617	139	1522
618	666	2490
619	1445	1522
620	1445	1738
621	1334	2456
622	1496	80
623	2008	570
624	2008	2693
625	1221	1522
626	102	2456
627	1422	1881
628	2705	2544
629	496	1743
630	360	163
631	1094	590
632	1094	2427
633	402	2498
634	402	272
635	402	1157
636	402	1522
637	402	1924
638	402	878
639	2245	878
640	2245	1522
641	2245	2490
642	2245	878
643	2245	1738
644	1401	2205
645	1401	2490
646	678	1743
647	678	1035
648	231	2677
649	173	2693
650	576	2490
651	2281	570
652	2281	2693
653	2281	2180
654	302	1743
655	2125	1166
656	2530	1062
657	2530	2544
658	2530	153
659	2530	290
660	1698	1522
661	712	272
662	1968	2544
663	322	2544
664	1732	2257
665	2588	2544
666	394	1522
667	691	2292
668	2650	1564
669	2650	2740
670	1283	2490
671	379	1355
672	379	2427
673	379	590
674	972	2427
675	972	590
676	972	1522
677	972	1355
678	743	2632
679	743	1078
680	743	1629
681	11	860
682	1921	2072
683	1535	2677
684	1535	2544
685	1998	878
686	121	2490
687	1060	272
688	1060	1157
689	1060	73
690	1060	1218
691	928	163
692	928	163
693	928	15
694	1180	131
695	1006	2594
696	1006	272
697	1006	1924
698	1006	2490
699	213	1522
700	213	860
701	1576	1522
702	2651	1035
703	604	2673
704	604	1522
705	1414	2293
706	1553	570
707	1553	2544
708	794	163
709	2340	2498
710	2340	2594
711	2340	2677
712	2340	272
713	2340	2136
714	2340	1068
715	2340	869
716	2340	1924
717	2340	463
718	2340	878
719	2340	1881
720	2028	878
721	2339	1157
722	1602	2490
723	1647	80
724	1542	860
725	923	1811
726	923	2333
727	1939	80
728	523	2677
729	523	1522
730	1151	878
731	2044	1395
732	2300	144
733	2470	1196
734	98	163
735	98	1522
736	1331	1522
737	1063	878
738	2357	1166
739	2312	80
740	2312	2673
741	2312	2503
742	2105	1522
743	1714	1522
744	240	2677
745	1807	878
746	660	2544
747	837	2490
748	255	1091
749	10	1655
750	10	3
751	10	1210
752	1071	2490
753	2426	2490
754	608	2544
755	1377	2427
756	1377	590
757	1005	1278
758	2109	2205
759	2109	2490
760	1229	2544
761	1229	2544
762	1229	2544
763	1229	2544
764	1229	2544
765	792	2544
766	792	2544
767	792	2544
768	2091	1091
769	1229	2544
770	1098	2677
771	387	2490
772	387	73
773	2031	860
774	2031	1522
775	2016	2367
776	2016	887
777	1227	1522
778	2601	414
779	1519	341
780	745	2427
781	745	1355
782	1761	1522
783	1761	73
784	1600	1755
785	980	1522
786	1846	2490
787	1846	878
788	1846	272
789	1846	1924
790	1846	2498
791	1846	290
792	1846	2594
793	1846	1685
794	1846	1157
795	1846	2673
796	1846	30
797	1916	1970
798	1916	485
799	1916	463
800	1916	2490
801	1916	878
802	1916	432
803	1916	272
804	1916	1924
805	1916	2498
806	1916	290
807	1916	2594
808	1916	1685
809	1916	1157
810	1916	1522
811	1916	73
812	1916	30
813	1211	2427
814	1211	272
815	1211	1924
816	1211	1607
817	1211	2594
818	1211	1522
819	1211	327
820	701	878
821	701	1522
822	2408	1522
823	2511	73
824	321	2427
825	321	1355
826	321	590
827	2645	2490
828	1735	463
829	1735	1522
830	1735	2677
831	2524	73
832	2524	929
833	1408	878
834	1076	463
835	1076	2490
836	1076	878
837	1076	272
838	1076	1685
839	1144	1522
840	1474	2427
841	1474	1355
842	1474	1330
843	1474	590
844	2720	1330
845	2062	2740
846	2062	1242
847	2062	1142
848	2062	2427
849	2062	2490
850	2062	1355
851	2062	1330
852	92	1218
853	92	1743
854	92	806
855	92	2609
856	92	1522
857	92	1563
858	92	19
859	92	869
860	2172	1781
861	2172	432
862	2172	1078
863	2172	1078
864	2172	1078
865	2172	1078
866	2172	73
867	2172	1522
868	2172	2677
869	673	1743
870	673	144
871	1550	2544
872	1550	2490
873	1550	1522
874	1364	2490
875	2007	2490
876	2692	2693
877	2692	2189
878	2692	463
879	2692	272
880	2692	2498
881	2692	2594
882	2692	1685
883	2692	1522
884	2692	2677
885	2692	869
886	1325	2490
887	961	887
888	190	1881
889	994	1881
890	307	878
891	1492	2490
892	2480	2490
893	2480	1924
894	2480	73
895	1775	1924
896	616	1522
897	2622	878
898	2622	1218
899	2622	272
900	2622	1924
901	2622	2594
902	2622	1685
903	2622	1157
904	2622	73
905	2622	30
906	1578	878
907	1555	2205
908	1087	475
909	1764	1522
910	1764	2677
911	1663	1752
912	1140	1522
913	157	463
914	157	1273
915	157	1522
916	157	869
917	989	2490
918	989	2219
919	989	1924
920	1861	2490
921	66	2140
922	2201	1522
923	1156	1881
924	1156	272
925	1156	1924
926	1156	2498
927	1156	1157
928	1156	869
929	1080	2205
930	816	860
931	2338	1275
932	2415	656
933	4	463
934	4	869
935	1852	463
936	1852	878
937	1852	1522
938	1852	869
939	403	1522
940	1359	878
941	1359	1166
942	1996	1067
943	2056	1970
944	2056	485
945	2056	1337
946	2056	891
947	2056	1522
948	351	2490
949	1980	2427
950	1980	2000
951	1980	80
952	1845	463
953	318	2490
954	318	1792
955	363	2673
956	363	1522
957	363	1441
958	1782	1924
959	140	2677
960	140	1522
961	14	1738
962	14	1522
963	964	878
964	964	1218
965	2279	80
966	853	163
967	853	2677
968	853	1522
969	1767	860
970	709	2490
971	1313	2490
972	1313	1522
973	1286	1309
974	1286	2308
975	1286	5
976	1286	1763
977	1286	1607
978	1286	1833
979	1286	30
980	1286	1522
981	573	878
982	1985	272
983	1985	1924
984	1985	2594
985	1985	314
986	697	272
987	697	1924
988	697	314
989	703	1522
990	2368	2461
991	2350	1209
992	2350	2436
993	2350	1342
994	2350	1166
995	2350	891
996	2350	1522
997	1870	2257
998	1112	1738
999	323	1738
1000	323	1157
1001	323	1522
1002	323	2677
1003	2522	463
1004	2522	1522
1005	2522	869
1006	1463	860
1007	1463	2490
1008	1463	2677
1009	158	2490
1010	1669	2490
1011	1669	878
1012	1669	2456
1013	1669	1743
1014	1669	272
1015	1669	1924
1016	1669	2498
1017	1669	2594
1018	1669	1157
1019	1669	73
1020	1669	1068
1021	2167	2205
1022	2167	2427
1023	2167	590
1024	1310	1522
1025	2599	1736
1026	2599	1079
1027	785	1569
1028	785	1736
1029	785	1079
1030	1084	2490
1031	372	1738
1032	372	1522
1033	1686	2544
1034	1971	2544
1035	1864	2673
1036	949	2677
1037	1665	2544
1038	1665	1522
1039	662	144
1040	2269	1924
1041	613	2490
1042	613	878
1043	2555	2427
1044	2555	878
1045	2555	1355
1046	101	2490
1047	2688	406
1048	529	1062
1049	529	2632
1050	529	1078
1051	2145	463
1052	2145	2677
1053	2145	869
1054	637	463
1055	637	1522
1056	2203	463
1057	2203	1522
1058	2203	869
1059	32	463
1060	32	1924
1061	32	869
1062	1073	463
1063	1073	2677
1064	2542	463
1065	2542	878
1066	2542	272
1067	2542	1924
1068	924	463
1069	924	272
1070	924	1924
1071	924	869
1072	484	163
1073	484	1078
1074	484	1078
1075	484	1078
1076	484	1078
1077	2602	144
1078	1288	1522
1079	476	2677
1080	2393	163
1081	2393	2677
1082	28	1522
1083	424	1738
1084	424	1522
1085	1730	2544
1086	622	1522
1087	400	1781
1088	400	1337
1089	400	1218
1090	400	1924
1091	400	891
1092	400	1522
1093	400	73
1094	1367	2544
1095	17	1629
1096	1624	2544
1097	1624	19
1098	458	2079
1099	1352	463
1100	1352	2677
1101	1352	869
1102	1289	2544
1103	1289	1522
1104	1312	1743
1105	1312	73
1106	1841	2490
1107	1841	2631
1108	1872	1970
1109	1872	485
1110	1872	1781
1111	1872	1337
1112	1872	1218
1113	1872	432
1114	1872	891
1115	1872	1522
1116	1872	73
1117	60	1342
1118	60	2490
1119	60	432
1120	60	1522
1121	899	1629
1122	1660	463
1123	1660	878
1124	126	163
1125	1565	2427
1126	1565	590
1127	781	370
1128	781	1280
1129	781	414
1130	781	1053
1131	1123	2490
1132	1106	2490
1133	1652	2205
1134	1652	1330
1135	1652	1736
1136	1652	73
1137	2394	878
1138	2394	1522
1139	2394	2677
1140	2564	2379
1141	2276	1218
1142	1424	2490
1143	1424	1166
1144	1515	2490
1145	1515	1738
1146	1954	370
1147	1954	1053
1148	1558	153
1149	1558	2661
1150	1216	878
1151	2499	2205
1152	1546	2427
1153	1546	1355
1154	1546	2677
1155	159	1330
1156	159	3
1157	159	2102
1158	159	1569
1159	467	2436
1160	125	2205
1161	125	2490
1162	125	1522
1163	2446	144
1164	1161	2544
1165	74	1522
1166	35	2490
1167	1363	2490
1168	1363	2700
1169	1363	2219
1170	1363	103
1171	1363	1078
1172	626	463
1173	626	869
1174	2407	1970
1175	2407	485
1176	2407	1781
1177	2407	1337
1178	2407	1218
1179	2301	1970
1180	2301	485
1181	2301	1781
1182	2301	1337
1183	2301	1218
1184	2301	891
1185	2301	1522
1186	2301	73
1187	478	1569
1188	478	1924
1189	478	1736
1190	478	334
1191	44	1522
1192	2287	1522
1193	118	2490
1194	470	2205
1195	470	2490
1196	470	2700
1197	1298	2205
1198	1298	2490
1199	1298	1166
1200	2715	2544
1201	2715	2050
1202	2715	1522
1203	182	2544
1204	182	860
1205	182	1522
1206	559	270
1207	559	1420
1208	559	1696
1209	559	2277
1210	2644	1522
1211	1167	1743
1212	1403	2677
1213	2263	2544
1214	2537	1629
1215	952	860
1216	1929	828
1217	544	2490
1218	544	2135
1219	544	2585
1220	544	1944
1221	544	653
1222	1126	2490
1223	428	2490
1224	2739	2490
1225	1680	2490
1226	1676	1629
1227	1534	1522
1228	2586	878
1229	2586	272
1230	2586	1924
1231	2586	2498
1232	2586	1157
1233	2462	2490
1234	2462	878
1235	2462	2677
1236	2462	1522
1237	2273	1370
1238	2273	1839
1239	2273	1850
1240	2273	2490
1241	2273	878
1242	2273	2337
1243	2273	1522
1244	2273	2266
1245	2124	878
1246	2124	1792
1247	2124	2237
1248	2124	1166
1249	895	2490
1250	895	1522
1251	468	2490
1252	1907	463
1253	1907	2490
1254	1907	878
1255	1907	432
1256	1907	272
1257	1907	1924
1258	1907	2498
1259	1907	2594
1260	1907	1685
1261	1907	1157
1262	1907	1522
1263	1907	73
1264	2623	1435
1265	2623	1743
1266	2623	1763
1267	2623	1607
1268	2623	1833
1269	2623	1522
1270	2623	30
1271	2111	2205
1272	507	878
1273	459	865
1274	459	53
1275	2525	272
1276	232	2677
1277	412	1781
1278	412	2490
1279	412	878
1280	1975	1522
1281	649	80
1282	866	2490
1283	640	2673
1284	640	73
1285	2442	860
1286	2442	1603
1287	2442	1522
1288	2442	73
1289	460	1522
1290	227	217
1291	2548	2490
1292	2335	1522
1293	1587	73
1294	2090	878
1295	2090	2700
1296	1986	828
1297	9	2205
1298	39	163
1299	39	1522
1300	2121	80
1301	2286	2693
1302	2286	1781
1303	2286	19
1304	833	1522
1305	238	1522
1306	61	1522
1307	61	2677
1308	807	1970
1309	807	547
1310	807	2544
1311	807	1522
1312	807	73
1313	211	878
1314	1173	1396
1315	1173	1738
1316	1173	1522
1317	999	2205
1318	999	370
1319	999	1280
1320	999	878
1321	999	1053
1322	999	290
1323	999	1522
1324	94	2461
1325	1862	1881
1326	1862	2490
1327	1862	878
1328	1862	272
1329	1862	1924
1330	1862	144
1331	1862	1068
1332	1862	869
1333	1251	1062
1334	1357	80
1335	2365	2677
1336	398	163
1337	639	1970
1338	639	485
1339	639	463
1340	639	2436
1341	639	878
1342	639	432
1343	639	1924
1344	639	290
1345	639	1685
1346	639	73
1347	639	30
1348	2630	2687
1349	2630	1629
1350	2630	2427
1351	1791	2427
1352	1791	2490
1353	1791	1355
1354	1791	1157
1355	1791	1522
1356	1791	2677
1357	1791	590
1358	1638	1811
1359	1638	2333
1360	562	1522
1361	1467	163
1362	1467	1522
1363	602	408
1364	698	1629
1365	1037	1319
1366	1037	432
1367	2294	2189
1368	2294	463
1369	2294	272
1370	2294	1685
1371	1413	163
1372	1204	1522
1373	1239	1522
1374	1049	2456
1375	2278	1924
1376	2282	590
1377	1687	2189
1378	1687	463
1379	1687	2490
1380	1687	878
1381	1687	272
1382	1687	1607
1383	1687	1685
1384	2703	1607
1385	241	1607
1386	1771	163
1387	819	1924
1388	1689	2427
1389	1689	2490
1390	1689	1355
1391	1689	590
1392	2417	1522
1393	2148	1218
1394	2148	1924
1395	1249	163
1396	1249	2490
1397	1249	1522
1398	1249	2677
1399	665	1157
1400	665	1522
1401	2297	463
1402	2297	869
1403	2009	2490
1404	1235	2544
1405	836	878
1406	2431	2436
1407	2431	1522
1408	846	2544
1409	2126	1522
1410	1748	2456
1411	1748	1743
1412	1748	144
1413	1295	2490
1414	2569	163
1415	1339	463
1416	1339	878
1417	1339	1522
1418	1339	2677
1419	1372	463
1420	1372	1522
1421	1372	2677
1422	1372	869
1423	1498	335
1424	1498	2376
1425	1498	2632
1426	1498	2456
1427	1498	2673
1428	1498	1078
1429	233	463
1430	233	1522
1431	233	869
1432	1428	463
1433	1428	878
1434	1428	1522
1435	1451	463
1436	1451	869
1437	2398	2544
1438	2398	1522
1439	1644	1607
1440	2567	2427
1441	2567	2000
1442	2567	590
1443	1936	1522
1444	2670	2687
1445	2670	1629
1446	2670	935
1447	2670	2168
1448	2670	1335
1449	2670	1320
1450	2670	2174
1451	2670	974
1452	2670	935
1453	2670	935
1454	2670	1335
1455	2670	531
1456	2670	531
1457	2670	531
1458	2670	2334
1459	2670	2334
1460	2670	2334
1461	2670	2427
1462	2670	574
1463	1279	2490
1464	945	1881
1465	945	272
1466	945	1924
1467	945	2498
1468	945	2594
1469	945	80
1470	945	1157
1471	945	1522
1472	945	2677
1473	945	1068
1474	945	419
1475	1394	2427
1476	1394	272
1477	1394	1924
1478	1394	1607
1479	1394	327
1480	742	1522
1481	1116	463
1482	1116	1522
1483	2101	1209
1484	2101	2205
1485	2101	1979
1486	2101	2490
1487	2101	1924
1488	1077	1924
1489	771	2490
1490	1154	2544
1491	1154	844
1492	1154	341
1493	1154	1522
1494	2556	463
1495	2556	2677
1496	405	463
1497	1715	1970
1498	1715	485
1499	1715	2677
1500	1715	869
1501	1021	2427
1502	1021	272
1503	1021	1924
1504	1021	1607
1505	1021	2594
1506	1021	1522
1507	1021	73
1508	1021	327
1509	966	1522
1510	966	2677
1511	1729	463
1512	1729	878
1513	1729	2677
1514	1947	1209
1515	1947	1970
1516	1947	485
1517	1947	463
1518	1947	272
1519	1947	1924
1520	1947	2498
1521	1947	2414
1522	1947	290
1523	1947	2594
1524	1947	1522
1525	1947	2677
1526	356	463
1527	356	2677
1528	2227	463
1529	2227	272
1530	2227	891
1531	2227	2677
1532	2227	869
1533	2200	878
1534	514	878
1535	514	1924
1536	514	1522
1537	1867	878
1538	1378	2677
1539	1212	272
1540	1212	1157
1541	2258	2673
1542	1640	463
1543	1640	2677
1544	1640	869
1545	1977	2490
1546	487	1522
1547	2094	463
1548	2094	878
1549	2094	272
1550	2094	2677
1551	2094	1522
1552	1941	2427
1553	1941	1355
1554	1941	1522
1555	2453	1209
1556	2453	463
1557	2453	2436
1558	2453	1319
1559	2453	2498
1560	2453	2594
1561	353	463
1562	353	1522
1563	353	869
1564	2628	463
1565	2628	878
1566	2628	29
1567	2628	1522
1568	2628	2677
1569	940	2189
1570	940	1209
1571	940	463
1572	940	878
1573	940	1319
1574	940	272
1575	940	1924
1576	940	610
1577	940	1607
1578	940	290
1579	940	2594
1580	940	80
1581	940	1685
1582	940	1166
1583	940	891
1584	940	19
1585	940	30
1586	940	1035
1587	1096	2189
1588	1096	463
1589	1096	2490
1590	1096	878
1591	1096	272
1592	1096	1607
1593	1096	1685
1594	1096	2677
1595	1096	1441
1596	312	2673
1597	619	2490
1598	619	878
1599	619	2673
1600	498	1209
1601	498	463
1602	498	330
1603	498	2427
1604	498	878
1605	498	2498
1606	498	2594
1607	498	2677
1608	498	30
1609	498	869
1610	498	1522
1611	518	2677
1612	2627	463
1613	2627	272
1614	2627	1924
1615	2627	869
1616	128	878
1617	128	2677
1618	2648	463
1619	2648	1522
1620	2648	869
1621	1469	1522
1622	307	463
1623	307	19
1624	307	869
1625	2495	1924
1626	1423	2490
1627	154	163
1628	154	80
1629	154	686
1630	154	643
1631	154	1863
1632	154	436
1633	154	1069
1634	154	1078
1635	1912	1924
1636	557	463
1637	557	869
1638	1633	463
1639	1633	1522
1640	1633	2677
1641	1633	869
1642	762	463
1643	1591	463
1644	1591	878
1645	1591	869
1646	1145	463
1647	1145	2677
1648	1145	869
1649	2418	463
1650	2418	1522
1651	2418	2677
1652	2418	869
1653	1052	463
1654	1052	163
1655	1052	1608
1656	1052	1924
1657	1052	2171
1658	1052	342
1659	969	878
1660	1317	671
1661	203	795
1662	203	2427
1663	203	1355
1664	203	1608
1665	203	773
1666	203	290
1667	2017	700
1668	1776	453
1669	871	2427
1670	871	272
1671	871	1924
1672	871	1607
1673	871	2594
1674	871	1522
1675	871	30
1676	871	327
1677	581	5
1678	581	878
1679	208	2687
1680	208	1629
1681	208	1320
1682	208	2334
1683	208	2334
1684	208	2334
1685	208	163
1686	208	2427
1687	208	107
1688	208	80
1689	208	1593
1690	2360	1685
1691	2360	1390
1692	2360	1878
1693	2360	27
1694	422	869
1695	1572	1738
1696	1572	1069
1697	1572	1522
1698	1572	686
1699	1572	643
1700	1572	436
1701	1572	1863
1702	2683	869
1703	338	1924
1704	269	2490
1705	269	878
1706	269	1157
1707	269	1522
1708	2592	163
1709	1036	1209
1710	1036	463
1711	1036	2436
1712	1036	1319
1713	1036	2498
1714	1036	2594
1715	883	2490
1716	1800	1062
1717	1800	163
1718	1800	1743
1719	1800	1569
1720	1800	1924
1721	1800	2052
1722	1800	1801
1723	2115	1285
1724	2115	1805
1725	2115	1833
1726	2115	2579
1727	2115	1522
1728	168	1881
1729	168	463
1730	168	1396
1731	168	2490
1732	168	272
1733	168	1924
1734	168	2498
1735	168	2594
1736	168	1157
1737	168	1522
1738	168	869
1739	1777	878
1740	1777	27
1741	1184	144
1742	850	2189
1743	850	1970
1744	850	485
1745	850	463
1746	850	2427
1747	850	2490
1748	850	878
1749	850	454
1750	850	1218
1751	850	1319
1752	850	432
1753	850	272
1754	850	1924
1755	850	2594
1756	850	1166
1757	850	891
1758	850	314
1759	850	73
1760	850	1522
1761	2134	163
1762	912	878
1763	912	1522
1764	912	2677
1765	2668	878
1766	2668	1924
1767	137	1881
1768	137	1781
1769	137	878
1770	137	432
1771	137	272
1772	137	1924
1773	137	610
1774	137	73
1775	137	1522
1776	1128	656
1777	1128	878
1778	1128	2135
1779	1128	27
1780	1128	373
1781	229	2189
1782	229	463
1783	229	2544
1784	229	1319
1785	229	1166
1786	2344	1743
1787	1329	2379
1788	1544	1522
1789	1256	1418
1790	1256	354
1791	1264	1320
1792	1910	1743
1793	1910	144
1794	1967	2490
1795	1592	2205
1796	1592	73
1797	723	1738
1798	1271	860
1799	2024	1970
1800	2024	485
1801	2024	1781
1802	2024	1337
1803	2024	1522
1804	2694	1781
1805	2702	2205
1806	2702	2490
1807	2702	878
1808	2702	1738
1809	2702	1522
1810	978	1685
1811	1816	2379
1812	1816	144
1813	1823	1924
1814	2481	1330
1815	481	414
1816	2617	878
1817	1827	73
1818	1398	463
1819	1398	1522
1820	1398	2677
1821	1398	869
1822	461	463
1823	461	869
1824	2129	860
1825	2112	878
1826	2112	272
1827	2112	1924
1828	186	463
1829	186	1522
1830	186	869
1831	1945	1275
1832	1945	1157
1833	55	2189
1834	55	463
1835	55	878
1836	55	1319
1837	55	1166
1838	1400	2140
1839	1400	1522
1840	814	144
1841	1849	194
1842	1446	1319
1843	1446	2367
1844	1446	610
1845	1446	1166
1846	1446	314
1847	1446	1522
1848	1799	555
1849	1799	370
1850	1799	2490
1851	1799	414
1852	1799	2170
1853	1799	621
1854	693	252
1855	696	1324
1856	670	1522
1857	726	1035
1858	726	2677
1859	12	153
1860	2538	80
1861	1774	1881
1862	1774	463
1863	1774	1078
1864	1774	878
1865	1774	272
1866	1774	1924
1867	1774	2498
1868	1774	2367
1869	1774	2594
1870	1774	1166
1871	1774	2677
1872	1774	1068
1873	1875	1078
1874	1875	1078
1875	1875	1078
1876	1875	1078
1877	1875	2490
1878	324	209
1879	324	878
1880	198	1035
1881	198	878
1882	2010	1285
1883	2010	656
1884	2010	2135
1885	2437	2018
1886	2437	2677
1887	123	1522
1888	1804	2140
1889	1804	1522
1890	2516	2490
1891	219	1522
1892	2224	878
1893	2224	1218
1894	2085	2490
1895	1586	2334
1896	793	878
1897	2571	341
1898	2571	1618
1899	1192	1781
1900	1147	314
1901	1147	2693
1902	1147	1881
1903	1147	809
1904	1147	2221
1905	1147	1924
1906	1147	610
1907	1147	1763
1908	1147	621
1909	1147	30
1910	630	463
1911	1911	2427
1912	1911	590
1913	1081	2427
1914	1081	878
1915	1081	327
1916	1386	1062
1917	1386	983
1918	1386	144
1919	54	463
1920	54	878
1921	54	1522
1922	54	869
1923	601	1522
1924	2657	1743
1925	2657	144
1926	2545	80
1927	1722	2490
1928	1121	1625
1929	995	2490
1930	97	1727
1931	1637	264
1932	1637	2489
1933	1637	1892
1934	346	2226
1935	1462	878
1936	1462	2677
1937	1462	1522
1938	281	2119
1939	281	2079
1940	281	2740
1941	281	1148
1942	281	298
1943	281	1262
1944	1178	1743
1945	1178	80
1946	1789	314
1947	1789	2189
1948	1789	1970
1949	1789	485
1950	1789	1218
1951	1789	1319
1952	1789	432
1953	1789	1166
1954	1789	1924
1955	1789	73
1956	1097	497
1957	1097	2226
1958	1097	80
1959	1097	1091
1960	1042	1569
1961	1042	334
1962	1561	163
1963	1561	1157
1964	1614	1970
1965	1614	485
1966	1614	887
1967	1614	1522
1968	1614	73
1969	534	2490
1970	2265	463
1971	2265	2677
1972	2265	1522
1973	2265	869
1974	913	2490
1975	913	2266
1976	913	1522
1977	1222	2544
1978	1793	878
1979	1793	1924
1980	1793	2677
1981	1296	1811
1982	1296	469
1983	1296	2333
1984	1296	731
1985	1296	1522
1986	166	2427
1987	166	590
1988	1	2427
1989	1	590
1990	1557	2677
1991	1557	1157
1992	2551	463
1993	2551	1157
1994	1829	1881
1995	1829	463
1996	1829	1078
1997	1829	163
1998	1829	878
1999	1829	272
2000	1829	1924
2001	1829	2498
2002	1829	2594
2003	1829	2136
2004	1829	1157
2005	1829	2677
2006	1829	1068
2007	1829	869
2008	2447	1218
2009	2447	1743
2010	2447	144
2011	230	1970
2012	230	485
2013	230	1580
2014	230	500
2015	230	2427
2016	230	1355
2017	230	272
2018	230	1924
2019	230	2498
2020	1014	2490
2021	2662	1100
2022	1541	1035
2023	598	2205
2024	598	2490
2025	598	432
2026	598	1522
2027	598	2677
2028	560	1275
2029	668	370
2030	668	1280
2031	668	2740
2032	668	1285
2033	668	1142
2034	668	2427
2035	668	2490
2036	668	2700
2037	668	341
2038	668	1053
2039	668	1564
2040	668	867
2041	668	1444
2042	565	1743
2043	782	246
2044	2732	2594
2045	1874	2490
2046	1338	1522
2047	2434	1522
2048	2092	1569
2049	2092	2102
2050	2092	2229
2051	2092	334
2052	224	153
2053	224	335
2054	224	1062
2055	224	2544
2056	2532	389
2057	2532	389
2058	2532	735
2059	2532	634
2060	2532	2427
2061	2532	2490
2062	2532	2700
2063	243	546
2064	2403	2205
2065	756	2427
2066	756	878
2067	756	590
2068	2584	1629
2069	2242	163
2070	917	1881
2071	917	2490
2072	917	878
2073	917	272
2074	917	1924
2075	917	869
2076	917	2498
2077	917	2594
2078	917	1157
2079	917	1068
2080	2629	1881
2081	2629	1287
2082	2629	2490
2083	2629	878
2084	2629	272
2085	2629	1924
2086	2629	869
2087	2629	2498
2088	2629	2594
2089	2629	1157
2090	2629	2677
2091	2256	2544
2092	2256	1522
2093	1208	1522
2094	1150	153
2095	1150	153
2096	1150	153
2097	1150	453
2098	1150	860
2099	1150	570
2100	1150	570
2101	1150	1079
2102	538	2427
2103	538	590
2104	179	2079
2105	179	1056
2106	179	2740
2107	179	1148
2108	179	1142
2109	179	298
2110	179	1667
2111	179	2073
2112	179	1744
2113	179	2042
2114	179	963
2115	179	206
2116	1130	1278
2117	455	1278
2118	930	878
2119	1598	1522
2120	112	2490
2121	413	835
2122	413	1736
2123	413	1079
2124	2708	1035
2125	2708	2693
2126	2708	2189
2127	830	131
2128	1987	2456
2129	2251	144
2130	2185	2544
2131	852	878
2132	592	1736
2133	2046	144
2134	2512	1743
2135	2512	144
2136	205	1218
2137	2698	272
2138	2698	1924
2139	2698	2498
2140	2698	1157
2141	2698	2677
2142	6	2682
2143	870	163
2144	870	2229
2145	1809	1970
2146	1809	485
2147	1809	2544
2148	1809	73
2149	1306	217
2150	1353	860
2151	1353	2682
2152	2554	1607
2153	2554	1878
2154	2523	1924
2155	509	2673
2156	509	1522
2157	509	2677
2158	1487	2544
2159	937	370
2160	937	1056
2161	937	2740
2162	937	1517
2163	937	1142
2164	937	1078
2165	937	2632
2166	1023	878
2167	164	463
2168	580	463
2169	1749	1522
2170	1384	73
2171	1384	1522
2172	1050	1881
2173	1050	2544
2174	575	925
2175	1585	1396
2176	1585	272
2177	1585	1924
2178	1585	2498
2179	1585	1157
2180	1585	1068
2181	905	469
2182	1524	2490
2183	1524	432
2184	1524	1522
2185	1185	2427
2186	1185	878
2187	1185	1355
2188	1185	1522
2189	1672	1330
2190	1672	1833
2191	1672	1522
2192	780	1319
2193	780	432
2194	780	162
2195	2025	2456
2196	2487	2490
2197	758	2205
2198	959	1396
2199	959	2677
2200	1412	2544
2201	2420	1711
2202	489	144
2203	1160	860
2204	1133	860
2205	1133	2490
2206	1133	1078
2207	1133	2544
2208	1133	2632
2209	1133	844
2210	99	1781
2211	99	878
2212	99	1522
2213	1120	878
2214	1120	454
2215	1120	2144
2216	1661	832
2217	1479	570
2218	2684	2205
2219	2684	2485
2220	2684	384
2221	2684	1172
2222	2684	2490
2223	2684	432
2224	2684	684
2225	2684	145
2226	1584	2677
2227	967	1743
2228	593	2334
2229	593	2677
2230	593	144
2231	1989	1745
2232	1989	1738
2233	1989	643
2234	1989	1069
2235	1989	1863
2236	1989	686
2237	1989	436
2238	368	1745
2239	368	163
2240	368	2427
2241	368	1078
2242	368	15
2243	368	2632
2244	1350	1745
2245	1350	19
2246	2389	1745
2247	2389	1435
2248	2389	878
2249	2389	2456
2250	2389	2071
2251	1969	1743
2252	38	80
2253	38	828
2254	430	595
2255	430	299
2256	2289	144
2257	2550	2544
2258	2550	2456
2259	340	1275
2260	1345	2333
2261	2496	1743
2262	2496	144
2263	1439	1275
2264	1439	73
2265	204	1881
2266	204	878
2267	204	73
2268	204	1522
2269	885	1078
2270	885	2632
2271	2492	1522
2272	1197	1881
2273	1197	2490
2274	1197	878
2275	1197	272
2276	1197	1924
2277	1197	1522
2278	1197	2677
2279	1596	473
2280	2402	1319
2281	2624	2427
2282	2624	2490
2283	2624	1355
2284	2624	590
2285	2329	860
2286	2329	695
2287	2528	2205
2288	1868	1743
2289	687	878
2290	687	2456
2291	37	1218
2292	415	2079
2293	415	1148
2294	415	2544
2295	415	1522
2296	415	2677
2297	1794	209
2298	1092	2677
2299	77	1711
2300	77	1522
2301	1798	1881
2302	1798	878
2303	202	731
2304	1993	2490
2305	1993	878
2306	1976	2490
2307	2565	2544
2308	1957	2427
2309	1957	2490
2310	1957	1355
2311	1957	327
2312	516	2544
2313	765	1218
2314	765	867
2315	765	1444
2316	571	1522
2317	2451	1157
2318	1089	1629
2319	1619	2205
2320	1619	144
2321	1525	878
2322	480	1743
2323	2059	2544
2324	1040	2544
2325	1040	1522
2326	2259	1833
2327	2667	2490
2328	1503	1743
2329	2471	2436
2330	2471	1258
2331	184	2490
2332	187	2490
2333	187	1522
2334	33	2490
2335	33	144
2336	176	1839
2337	176	1850
2338	176	2490
2339	176	878
2340	176	1166
2341	176	2337
2342	176	1607
2343	176	1522
2344	2727	163
2345	396	2490
2346	396	1743
2347	2182	1396
2348	2182	1743
2349	2182	144
2350	2457	144
2351	1723	2490
2352	2738	2544
2353	1452	1522
2354	1301	2292
2355	183	2490
2356	1537	2490
2357	226	878
2358	48	163
2359	48	860
2360	1365	163
2361	934	2490
2362	719	860
2363	719	695
2364	2231	1580
2365	69	222
2366	69	80
2367	253	2490
2368	2445	2427
2369	2445	1355
2370	2445	144
2371	1966	1743
2372	1966	144
2373	2216	2544
2374	2216	878
2375	2465	1833
2376	2454	878
2377	2454	1738
2378	1869	2518
2379	1381	878
2380	1381	1157
2381	1381	2677
2382	2295	80
2383	160	2427
2384	160	1355
2385	160	2677
2386	760	27
2387	760	1091
2388	856	878
2389	856	1522
2390	1461	1924
2391	1461	1522
2392	1461	2677
2393	1155	272
2394	1155	1924
2395	1155	80
2396	1155	1157
2397	1155	1522
2398	1155	2677
2399	1582	809
2400	1582	163
2401	1582	1078
2402	1582	1078
2403	1582	1078
2404	1582	1078
2405	1582	2632
2406	1582	1727
2407	1582	2221
2408	1582	80
2409	1582	1522
2410	2004	809
2411	2004	163
2412	2004	1078
2413	2004	1078
2414	2004	1078
2415	2004	1078
2416	2004	2632
2417	2004	2221
2418	2004	80
2419	2004	1540
2420	2004	1522
2421	2004	19
2422	713	2544
2423	768	2205
2424	768	1396
2425	768	2490
2426	768	1522
2427	2561	2490
2428	1265	878
2429	617	163
2430	429	878
2431	2322	878
2432	358	2490
2433	358	80
2434	676	2468
2435	676	879
2436	1568	1924
2437	1302	414
2438	1292	1743
2439	1292	144
2440	2047	878
2441	2047	2052
2442	1252	1569
2443	1252	334
2444	1471	700
2445	2568	272
2446	2568	1924
2447	2568	2498
2448	2568	1157
2449	2568	144
2450	2691	2128
2451	1995	1522
2452	1475	1522
2453	1475	2677
2454	196	2544
2455	1982	1522
2456	1238	1051
2457	1238	1745
2458	1238	1738
2459	2501	860
2460	2501	2367
2461	1566	1142
2462	1566	1395
2463	465	1522
2464	577	2488
2465	577	2422
2466	2246	2292
2467	2246	1435
2468	2246	2164
2469	2246	1078
2470	2246	878
2471	2246	2456
2472	2246	2673
2473	2246	1522
2474	2246	2030
2475	2246	1888
2476	2246	2581
2477	2246	2071
2478	1747	1738
2479	1747	1833
2480	1747	80
2481	1747	1522
2482	1933	2693
2483	1933	1970
2484	1933	485
2485	1570	2490
2486	1570	2456
2487	1570	432
2488	1570	1522
2489	1570	2677
2490	365	555
2491	1376	667
2492	1376	1278
2493	1376	2740
2494	1376	469
2495	1376	2333
2496	367	1157
2497	2728	878
2498	2728	2503
2499	1589	370
2500	1589	2541
2501	1589	2456
2502	1589	414
2503	1589	1053
2504	874	1569
2505	874	80
2506	874	334
2507	2317	1078
2508	2317	2632
2509	2210	1905
2510	1041	2189
2511	1041	463
2512	1041	2490
2513	1041	1319
2514	1041	1166
2515	2239	1781
2516	2156	1522
2517	2204	1522
2518	1681	1522
2519	279	1035
2520	279	2189
2521	279	463
2522	279	2164
2523	279	2490
2524	279	1685
2525	279	272
2526	279	869
2527	279	1607
2528	279	290
2529	279	2594
2530	279	19
2531	279	30
2532	1454	463
2533	1454	2490
2534	1454	878
2535	1454	1685
2536	1454	272
2537	1778	2677
2538	2699	335
2539	2699	2490
2540	2699	1522
2541	1229	2544
2542	792	2544
2543	792	2544
2544	1481	2490
2545	803	2456
2546	2120	2427
2547	2120	1355
2548	2120	327
2549	1594	878
2550	627	1218
2551	90	2427
2552	90	590
2553	820	1685
2554	820	1924
2555	820	290
2556	858	1924
2557	2696	2544
2558	2707	2367
2559	2307	1881
2560	2247	1342
2561	2247	1924
2562	2247	1522
2563	2247	2677
2564	2247	73
2565	1034	217
2566	2302	806
2567	2549	2490
2568	1961	1522
2569	532	144
2570	169	878
2571	169	73
2572	218	1218
2573	1009	1738
2574	1009	1522
2575	2557	878
2576	95	1522
2577	1518	2490
2578	2019	1218
2579	1442	1035
2580	1442	1743
2581	423	333
2582	1254	1924
2583	1254	621
2584	732	73
2585	42	2544
2586	1206	1035
2587	287	1522
2588	84	1743
2589	84	144
2590	658	2490
2591	2306	1924
2592	2306	2724
2593	2306	2594
2594	2306	1068
2595	938	453
2596	938	2422
2597	938	2488
2598	886	2490
2599	1527	2189
2600	1527	463
2601	1527	878
2602	1527	1685
2603	1527	272
2604	1527	1607
2605	1718	153
2606	1758	2490
2607	1217	2456
2608	1432	453
2609	2536	878
2610	582	1285
2611	582	656
2612	582	2427
2613	582	878
2614	582	1355
2615	582	590
2616	545	2456
2617	1583	1738
2618	1783	209
2619	1783	2456
2620	2113	1218
2621	1059	314
2622	1059	2189
2623	1059	485
2624	1059	463
2625	1059	891
2626	1059	1218
2627	1059	1319
2628	1059	432
2629	1059	1166
2630	1059	272
2631	1059	1924
2632	1059	2594
2633	1059	1522
2634	1059	73
2635	385	163
2636	603	1522
2637	2325	1522
2638	791	1522
2639	382	2490
2640	382	1738
2641	1228	1522
2642	2611	1743
2643	815	684
2644	815	2030
2645	301	878
2646	2388	700
2647	1177	2427
2648	1177	1608
2649	2055	2544
2650	1720	335
2651	1720	1743
2652	1436	1035
2653	1436	2189
2654	1436	463
2655	1436	2164
2656	1436	1685
2657	1436	272
2658	1436	869
2659	1436	1607
2660	1436	290
2661	1436	2594
2662	1436	19
2663	1436	30
2664	1802	1522
2665	1693	828
2666	1494	1330
2667	1011	1330
2668	2619	80
2669	1476	1924
2670	2352	878
2671	600	1970
2672	600	485
2673	124	1522
2674	1002	463
2675	1064	828
2676	2695	1319
2677	2695	1166
2678	1387	1738
2679	1915	1079
2680	550	1743
2681	654	432
2682	2211	282
2683	2260	860
2684	973	272
2685	973	2594
2686	973	2677
2687	973	2136
2688	973	1068
2689	973	1924
2690	973	2205
2691	973	878
2692	973	1881
2693	1020	2427
2694	1020	327
2695	326	163
2696	979	1564
2697	979	2700
2698	979	2490
2699	2236	590
2700	2236	2427
2701	2041	80
2702	2678	1736
2703	2678	1792
2704	2678	1166
2705	2678	878
2706	1641	1522
2707	267	2677
2708	1545	272
2709	1545	1685
2710	1545	463
2711	1545	2490
2712	1545	2189
2713	1545	1607
2714	1243	73
2715	1243	1522
2716	2235	1078
2717	2235	541
2718	2235	2541
2719	2235	1053
2720	2235	2467
2721	2235	2391
2722	2235	414
2723	2235	370
2724	247	286
2725	313	878
2726	2384	185
2727	420	73
2728	2513	2427
2729	2513	327
2730	1198	2456
2731	1485	2677
2732	734	1522
2733	2735	2677
2734	956	981
2735	1433	2490
2736	553	1924
2737	1611	2253
2738	1611	1078
2739	1611	2632
2740	1168	2456
2741	1769	1522
2742	838	1079
2743	1581	1522
2744	822	2427
2745	822	327
2746	822	73
2747	822	1355
2748	1163	1522
2749	1163	1330
2750	2177	1743
2751	452	1924
2752	609	163
2753	609	2427
2754	2676	2677
2755	2676	2205
2756	2676	2490
2757	1012	163
2758	1670	272
2759	1670	2102
2760	1670	869
2761	1670	1924
2762	2243	2631
2763	530	1743
2764	530	144
2765	451	2490
2766	1158	1924
2767	911	2677
2768	911	2490
2769	911	878
2770	1267	1522
2771	2722	80
2772	1259	2367
2773	2088	621
2774	1599	2427
2775	1599	1355
2776	1886	1522
2777	663	505
2778	710	1743
2779	710	634
2780	2048	2687
2781	2048	634
2782	569	1522
2783	569	1738
2784	724	2677
2785	1699	2544
2786	1075	1522
2787	2217	1878
2788	1234	2677
2789	425	2677
2790	425	1522
2791	425	73
2792	494	1629
2793	679	80
2794	679	327
2795	679	2427
2796	633	432
2797	633	384
2798	633	1522
2799	633	2490
2800	51	669
2801	1045	1522
2802	156	1522
2803	682	860
2804	1788	144
2805	445	2544
2806	1360	1522
2807	1455	878
2808	2717	590
2809	2717	2427
2810	2309	2544
2811	1931	1743
2812	1931	73
2813	1658	2490
2814	1207	2436
2815	1207	2673
2816	1207	2677
2817	2081	2257
2818	2506	1743
2819	1187	1738
2820	404	1522
2821	812	878
2822	1203	80
2823	1639	153
2824	2604	2490
2825	2604	1743
2826	2330	2376
2827	1236	2490
2828	1725	2490
2829	462	2490
2830	284	1522
2831	284	878
2832	840	2050
2833	380	1738
2834	1447	1697
2835	721	1738
2836	997	2205
2837	450	144
2838	450	1743
2839	111	2490
2840	1797	835
2841	1902	2427
2842	1902	590
2843	597	1781
2844	597	1522
2845	1175	596
2846	1884	2102
2847	1884	869
2848	1884	463
2849	1884	1924
2850	1848	1342
2851	1848	432
2852	1848	1685
2853	1848	1522
2854	1848	1580
2855	1848	2677
2856	1742	2677
2857	1244	2414
2858	2255	1522
2859	2255	73
2860	2178	1878
2861	589	1522
2862	589	2490
2863	34	2544
2864	1152	2544
2865	2729	2673
2866	2729	2490
2867	249	2490
2868	1029	463
2869	1113	1522
2870	1113	2677
2871	977	1522
2872	2270	1522
2873	542	1924
2874	542	1743
2875	2060	1275
2876	138	1450
2877	138	1307
2878	909	1522
2879	909	144
2880	2264	1743
2881	1223	1444
2882	1223	1978
2883	1223	2168
2884	1223	1285
2885	1223	2135
2886	1785	2544
2887	2290	1438
2888	2290	2647
2889	2290	2464
2890	251	777
2891	96	2589
2892	96	1765
2893	96	860
2894	96	1738
2895	96	2428
2896	96	397
2897	96	2544
2898	1044	2544
2899	591	1607
2900	439	2544
2901	1913	2334
2902	1913	1607
2903	1913	2314
2904	133	1607
2905	681	1607
2906	1229	2379
2907	1229	2544
2908	2515	2544
2909	1346	73
2910	345	1079
2911	2635	1278
2912	2635	2205
2913	2635	122
2914	2635	711
2915	563	1743
2916	563	144
2917	433	144
2918	1143	1743
2919	1853	144
2920	1853	1743
2921	2598	144
2922	275	2544
2923	275	1743
2924	275	835
2925	275	453
2926	275	144
2927	1779	1743
2928	2157	2072
2929	1082	1522
2930	1082	2544
2931	1082	860
2932	2218	144
2933	2596	1607
2934	863	144
2935	764	1743
2936	1992	1711
2937	1992	641
2938	521	1924
2939	504	1607
2940	1706	144
2941	1706	1743
2942	2440	144
2943	2198	2544
2944	2198	163
2945	2593	2379
2946	83	185
2947	83	2661
2948	83	669
2949	83	453
2950	83	835
2951	254	878
2952	254	1781
2953	254	1522
2954	1434	1924
2955	1434	2379
2956	1434	463
2957	1434	878
2958	1434	1607
2959	2515	2379
2960	2515	2544
2961	2674	2153
2962	2674	2740
2963	2674	1844
2964	2674	286
2965	2674	414
2966	2674	80
2967	2674	1522
2968	2674	1276
2969	2674	1978
2970	2674	1078
2971	2674	1078
2972	2674	1078
2973	2674	1078
2974	2674	1148
2975	1004	2677
2976	1411	2544
2977	1411	1522
2978	1964	1522
2979	826	860
2980	941	463
2981	941	272
2982	941	290
2983	941	2594
2984	941	1685
2985	941	19
2986	941	30
2987	941	869
2988	941	1035
2989	941	2164
2990	941	2189
2991	941	1607
2992	1224	314
2993	1224	1522
2994	831	2544
2995	175	127
2996	2194	2544
2997	2355	485
2998	2355	272
2999	2355	1924
3000	2355	2594
3001	2355	314
3002	2355	2677
3003	2355	1970
3004	2355	330
3005	2355	2189
3006	2355	1522
3007	2147	1607
3008	880	463
3009	880	2677
3010	2472	463
3011	2472	2677
3012	2472	1035
3013	411	1522
3014	411	2677
3015	1426	2427
3016	1768	463
3017	1768	1924
3018	1768	1685
3019	1768	1522
3020	1768	869
3021	1643	1522
3022	2328	463
3023	2328	1924
3024	2328	1685
3025	2328	1522
3026	2328	869
3027	916	163
3028	916	386
3029	1949	878
3030	441	1743
3031	441	144
3032	1920	860
3033	810	1743
3034	986	2544
3035	986	860
3036	986	474
3037	986	695
3038	986	290
3039	986	2428
3040	435	860
3041	435	1697
3042	435	773
3043	435	290
3044	435	2257
3045	435	1153
3046	435	926
3047	435	695
3048	435	1629
3049	435	795
3050	1186	2168
3051	1186	315
3052	1186	1285
3053	1186	1983
3054	1186	1100
3055	1186	1618
3056	1186	1978
3057	1186	2135
3058	1186	2634
3059	1186	27
3060	1186	918
3061	1186	1172
3062	1186	1679
3063	1186	656
3064	535	1924
3065	535	1522
3066	457	2490
3067	457	2677
3068	1114	1738
3069	1114	1924
3070	1114	1522
3071	2419	1157
3072	2493	463
3073	2493	1924
3074	2493	1881
3075	517	80
3076	1634	463
3077	1634	2490
3078	1634	878
3079	1634	1924
3080	1634	1522
3081	1634	144
3082	1634	998
3083	1634	2018
3084	993	848
3085	623	463
3086	623	2490
3087	623	272
3088	623	1685
3089	2267	1522
3090	1388	463
3091	1388	1924
3092	1388	2677
3093	2035	878
3094	2035	2544
3095	1694	634
3096	377	2544
3097	754	163
3098	1701	2544
3099	767	1970
3100	767	485
3101	767	2436
3102	767	1342
3103	767	878
3104	767	432
3105	767	272
3106	767	1924
3107	767	2498
3108	767	1833
3109	767	2594
3110	767	1166
3111	767	891
3112	767	314
3113	767	1319
3114	767	1209
3115	767	2677
3116	767	73
3117	767	30
3118	767	1068
3119	767	1035
3120	767	2164
3121	767	1881
3122	767	1781
3123	767	1580
3124	767	330
3125	767	1218
3126	767	2189
3127	767	610
3128	767	1522
3129	43	860
3130	1860	1924
3131	1860	1607
3132	2133	163
3133	2133	1522
3134	2133	2677
3135	2199	2427
3136	2199	1355
3137	716	1970
3138	716	485
3139	716	432
3140	716	1924
3141	716	1522
3142	716	2677
3143	716	73
3144	716	2308
3145	716	1781
3146	902	1287
3147	902	878
3148	902	272
3149	902	1924
3150	902	2498
3151	902	2594
3152	902	1157
3153	902	1522
3154	902	1068
3155	902	869
3156	902	1881
3157	614	1743
3158	1856	860
3159	1856	695
3160	1856	1629
3161	728	860
3162	728	1697
3163	728	2680
3164	728	773
3165	728	2257
3166	728	1153
3167	728	695
3168	728	2428
3169	728	795
3170	728	290
3171	320	1320
3172	320	1850
3173	320	1839
3174	320	2490
3175	390	2544
3176	515	2214
3177	1303	1522
3178	1189	1970
3179	1189	485
3180	1189	463
3181	1189	1924
3182	1189	1522
3183	1189	73
3184	1189	2693
3185	1189	1781
3186	1139	1607
3187	1421	1607
3188	1988	2677
3189	2195	144
3190	1101	878
3191	1101	80
3192	1129	860
3193	1129	246
3194	1129	1697
3195	1129	2680
3196	1129	773
3197	1129	290
3198	1129	2257
3199	1129	2632
3200	1129	795
3201	1129	1153
3202	1129	695
3203	1786	2427
3204	1786	1522
3205	1786	453
3206	1990	878
3207	1990	27
3208	1990	2677
3209	1657	1450
3210	1183	463
3211	1183	878
3212	1183	1924
3213	1183	1522
3214	1183	73
3215	1183	869
3216	2411	163
3217	2411	2544
3218	1379	2677
3219	1379	73
3220	1341	1881
3221	677	878
3222	1897	80
3223	740	1091
3224	2118	1321
3225	2271	1522
3226	449	642
3227	449	2288
3228	800	463
3229	800	878
3230	800	272
3231	800	1924
3232	800	2498
3233	800	290
3234	800	2594
3235	800	1685
3236	800	1157
3237	800	2677
3238	800	1068
3239	800	1881
3240	800	107
3241	2575	1522
3242	1149	2205
3243	1149	1839
3244	1149	1850
3245	1149	2226
3246	1149	1522
3247	1766	634
3248	1766	1696
3249	1046	2544
3250	2563	1743
3251	2563	144
3252	438	2490
3253	834	463
3254	834	272
3255	834	290
3256	834	2594
3257	834	1685
3258	834	19
3259	834	30
3260	834	869
3261	834	1035
3262	834	2164
3263	834	2189
3264	834	1441
3265	834	1607
3266	1900	1079
3267	114	1743
3268	1962	1607
3269	1018	1607
3270	2215	1319
3271	647	1319
3272	1548	2490
3273	1548	163
3274	1548	1944
3275	1548	653
3276	104	1629
3277	104	1898
3278	104	15
3279	104	2677
3280	1990	878
3281	1990	27
3282	1990	2677
3283	2380	832
3284	235	2490
3285	1229	2544
3286	792	2544
3287	319	2427
3288	675	1522
3289	659	341
3290	839	1330
3291	888	463
3292	888	1924
3293	888	2677
3294	888	73
3295	842	2490
3296	2527	1285
3297	2527	2490
3298	16	2436
3299	16	432
3300	16	2140
3301	16	1833
3302	16	27
3303	16	2677
3304	16	30
3305	16	1035
3306	16	887
3307	16	1781
3308	16	1218
3309	16	1522
3310	578	2102
3311	578	2677
3312	578	144
3313	1901	1522
3314	2130	2529
3315	2583	1522
3316	2191	1805
3317	1605	2490
3318	2659	2632
3319	2659	1078
3320	674	463
3321	674	1396
3322	674	2490
3323	674	878
3324	674	272
3325	674	1924
3326	674	2498
3327	674	2594
3328	674	1157
3329	674	1522
3330	674	1068
3331	1118	2205
3332	1118	1522
3333	1703	222
3334	1703	1629
3335	1703	2436
3336	1703	1342
3337	1703	2221
3338	1703	1924
3339	1703	1685
3340	1703	1209
3341	1703	30
3342	1703	1881
3343	1703	1743
3344	381	272
3345	2636	2490
3346	2636	1738
3347	2636	1685
3348	215	653
3349	1213	2490
3350	1213	878
3351	1213	2677
3352	1213	1522
3353	1165	2367
3354	2455	73
3355	1358	1062
3356	2706	1396
3357	2706	1157
3358	2104	73
3359	982	144
3360	2310	828
3361	1327	463
3362	1327	1319
3363	1762	30
3364	975	860
3365	407	1522
3366	861	2050
3367	1255	1320
3368	733	73
3369	1391	2456
3370	2305	891
3371	2363	1781
3372	948	2436
3373	2366	2189
3374	2366	463
3375	2366	1319
3376	2366	1166
3377	2366	80
3378	738	1157
3379	1328	314
3380	1328	2693
3381	1328	1209
3382	1328	463
3383	1328	2436
3384	1328	1342
3385	1328	531
3386	1328	891
3387	1328	330
3388	1328	887
3389	1328	1781
3390	1328	1337
3391	1328	878
3392	1328	1218
3393	1328	1319
3394	1328	432
3395	1328	1685
3396	1328	1924
3397	1328	2367
3398	1328	610
3399	1328	2414
3400	1328	1833
3401	1328	1522
3402	1328	73
3403	1328	2503
3404	567	2490
3405	1351	1209
3406	1351	2436
3407	1351	1342
3408	1351	1166
3409	1351	2677
3410	256	1522
3411	1682	80
3412	2714	1522
3413	1997	1522
3414	1883	73
3415	829	1218
3416	556	2490
3417	556	1157
3418	556	272
3419	556	1924
3420	556	2594
3421	2383	2427
3422	2383	878
3423	2383	590
3424	1577	2490
3425	191	2632
3426	214	2456
3427	910	1035
3428	910	2189
3429	910	463
3430	910	2164
3431	910	2490
3432	910	1685
3433	910	272
3434	910	869
3435	910	1607
3436	910	290
3437	910	2594
3438	910	19
3439	910	30
3440	1138	1330
3441	2646	80
3442	1022	209
3443	2381	878
3444	1812	163
3445	362	1743
3446	362	1924
3447	362	144
3448	110	327
3449	110	2427
3450	599	2490
3451	1612	1078
3452	1612	878
3453	1612	2427
3454	1612	2632
3455	1612	1522
3456	2469	163
3457	178	878
3458	892	80
3459	1316	891
3460	1650	163
3461	1650	1743
3462	1650	144
3463	2011	144
3464	2600	1738
3465	1922	454
3466	1922	2144
3467	20	878
3468	1260	272
3469	1260	1924
3470	1260	2498
3471	1260	2594
3472	2701	2490
3473	1838	1743
3474	1838	144
3475	2642	2427
3476	2642	590
3477	109	1062
3478	1842	272
3479	1842	1522
3480	1842	1275
3481	1904	1743
3482	2450	686
3483	2450	1078
3484	2450	2490
3485	283	144
3486	2494	878
3487	1146	1091
3488	212	80
3489	2212	2427
3490	2212	80
3491	2212	590
3492	8	2379
3493	1937	2205
3494	2733	1738
3495	1914	878
3496	1104	2679
3497	1117	2490
3498	1117	1522
3499	1117	144
3500	1016	1881
3501	1016	1924
3502	2158	1743
3503	2482	2490
3504	1613	1629
3505	1613	1569
3506	1613	334
3507	1821	1078
3508	1821	1078
3509	1821	1078
3510	1821	1078
3511	1539	80
3512	2686	1743
3513	1737	73
3514	1427	1743
3515	714	1396
3516	1668	1078
3517	1668	2632
3518	339	2456
3519	1409	828
3520	1409	1743
3521	1963	2490
3522	896	828
3523	897	1166
3524	1554	1738
3525	524	1522
3526	971	2544
3527	1677	2456
3528	120	1522
3529	823	860
3530	2535	1924
3531	130	330
3532	130	2427
3533	130	1355
3534	130	1166
3535	130	272
3536	130	1924
3537	130	2498
3538	130	73
3539	130	2594
3540	130	590
3541	130	1068
3542	305	1218
3543	366	2677
3544	366	2490
3545	366	1522
3546	510	163
3547	239	463
3548	239	878
3549	239	1685
3550	239	272
3551	2519	1522
3552	1837	835
3553	1837	453
3554	1837	2376
3555	1837	1062
3556	1057	1743
3557	1057	144
3558	2023	1569
3559	2023	1330
3560	2023	1655
3561	2023	2102
3562	2023	1924
3563	2023	632
3564	2023	1079
3565	2430	1522
3566	1531	2544
3567	1453	878
3568	2029	1079
3569	1440	209
3570	1724	1522
3571	680	1330
3572	1176	878
3573	1058	1522
3574	1683	2490
3575	2321	1569
3576	2321	1079
3577	2321	1792
3578	624	2677
3579	624	2677
3580	624	2490
3581	624	860
3582	2364	2544
3583	652	2490
3584	1716	1569
3585	1716	1924
3586	1716	334
3587	804	2490
3588	1488	80
3589	1024	2544
3590	1214	2544
3591	1136	2544
3592	1994	80
3593	143	2677
3594	143	1522
3595	143	869
3596	143	80
3597	285	2367
3598	1504	2490
3599	1047	1738
3600	2543	463
3601	2401	1079
3602	2539	878
3603	2087	1743
3604	2087	144
3605	1182	327
3606	1182	2427
3607	1465	1743
3608	1597	1079
3609	1690	1970
3610	1690	485
3611	1690	1337
3612	1690	1743
3613	706	2427
3614	706	590
3615	105	2427
3616	105	590
3617	350	2544
3618	2298	1736
3619	2298	1569
3620	2298	1079
3621	2605	1924
3622	1734	1522
3623	86	878
3624	464	1895
3625	715	2205
3626	715	2490
3627	715	2700
3628	715	1166
3629	715	80
3630	2086	453
3631	257	2427
3632	257	590
3633	1220	1738
3634	1354	1895
3635	1354	638
3636	1930	2544
3637	1930	1522
3638	1810	2427
3639	1810	590
3640	2012	1736
3641	2012	1079
3642	67	2427
3643	67	590
3644	2517	2379
3645	2517	414
3646	1759	891
3647	2097	2490
3648	991	2490
3649	171	1078
3650	171	2456
3651	171	2632
3652	650	860
3653	650	695
3654	881	2292
3655	881	2427
3656	881	327
3657	78	2427
3658	78	590
3659	2483	2490
3660	336	531
3661	1495	80
3662	1290	1629
3663	1664	783
3664	1664	163
3665	1664	1743
3666	528	1091
3667	1015	878
3668	172	1522
3669	1032	1522
3670	1366	1522
3671	1169	463
3672	1169	1157
3673	1169	1685
3674	1169	272
3675	1169	1522
3676	1169	1924
3677	1169	2594
3678	1169	144
3679	1374	2490
3680	2261	878
3681	685	2456
3682	1294	1062
3683	1830	832
3684	1347	878
3685	1347	73
3686	2578	1743
3687	431	2490
3688	947	1091
3689	689	1924
3690	2196	2490
3691	943	878
3692	21	1522
3693	68	463
3694	68	2677
3695	68	869
3696	359	832
3697	359	414
3698	2438	1218
3699	1653	537
3700	1410	1743
3701	276	314
3702	276	272
3703	276	1924
3704	2669	1781
3705	2669	2544
3706	2669	432
3707	2669	1522
3708	174	537
3709	2582	1157
3710	786	2677
3711	786	2490
3712	786	1522
3713	2354	432
3714	1974	2490
3715	1974	1522
3716	2721	463
3717	193	1743
3718	2108	878
3719	2108	1166
3720	87	1218
3721	87	73
3722	2558	80
3723	2552	2205
3724	2552	1172
3725	2552	2490
3726	2552	432
3727	2552	145
3728	134	2490
3729	2397	1142
3730	2397	2490
3731	2397	341
3732	2397	867
3733	2397	1444
3734	2397	145
3735	2066	144
3736	1030	2490
3737	1030	1924
3738	501	2427
3739	501	590
3740	2476	2544
3741	664	2541
3742	664	1122
3743	664	656
3744	664	414
3745	664	2135
3746	664	1053
3747	664	1564
3748	1795	2677
3749	1795	878
3750	1795	1218
3751	1795	1157
3752	1795	272
3753	1795	73
3754	1754	2205
3755	1754	2677
3756	1459	2257
3757	1305	2544
3758	1507	1157
3759	1507	272
3760	1507	1924
3761	2607	2456
3762	1760	2205
3763	1760	2490
3764	1760	2700
3765	1188	1811
3766	1188	2333
3767	1890	1218
3768	1890	1157
3769	729	1522
3770	1678	889
3771	2006	1370
3772	2006	506
3773	2006	878
3774	2006	2337
3775	1241	878
3776	884	867
3777	491	2673
3778	491	2334
3779	491	2490
3780	491	2700
3781	491	80
3782	1407	2102
3783	1407	1569
3784	1407	1079
3785	1946	2693
3786	1946	1166
3787	1946	73
3788	992	2205
3789	992	1629
3790	992	2292
3791	992	1522
3792	992	80
3793	645	1078
3794	645	1078
3795	645	1078
3796	645	1078
3797	645	2632
3798	645	1727
3799	645	80
3800	75	1062
3801	75	1569
3802	75	1079
3803	75	334
3804	1311	1035
3805	1311	2189
3806	1311	463
3807	1311	19
3808	1311	2164
3809	1311	2490
3810	1311	1685
3811	1311	272
3812	1311	869
3813	1311	1607
3814	1311	290
3815	1311	2594
3816	1311	30
3817	1796	2189
3818	1796	463
3819	1796	2490
3820	1796	878
3821	1796	1685
3822	1796	272
3823	1796	1607
3824	273	2544
3825	1493	163
3826	1493	2544
3827	792	2544
3828	2045	1522
3829	543	2205
3830	543	1166
3831	931	2655
3832	931	80
3833	1054	1685
3834	2653	1078
3835	2653	1078
3836	2653	1078
3837	2653	1078
3838	383	463
3839	383	869
3840	2723	860
3841	1825	1743
3842	1825	144
3843	790	860
3844	2533	1738
3845	210	2490
3846	210	1685
3847	2316	1522
3848	1003	2456
3849	1003	1522
3850	2225	860
3851	2179	1522
3852	722	2544
3853	1918	1924
3854	2716	1685
3855	1834	2673
3856	1088	2102
3857	1088	1079
3858	2208	1685
3859	588	1629
3860	727	1522
3861	71	878
3862	2626	1522
3863	1102	954
3864	2603	2677
3865	2421	1522
3866	2186	1522
3867	1632	531
3868	1632	144
3869	188	860
3870	1780	1330
3871	2057	2422
3872	939	878
3873	1560	2544
3874	594	2490
3875	554	1330
3876	1645	2544
3877	2640	335
3878	1369	878
3879	2074	656
3880	2074	1522
3881	2074	73
3882	1486	2414
3883	922	1738
3884	566	27
3885	566	1685
3886	566	2229
3887	261	2490
3888	672	1330
3889	1573	1738
3890	625	2631
3891	933	1522
3892	2346	2205
3893	113	878
3894	149	2490
3895	1934	878
3896	1934	1166
3897	88	2490
3898	1284	1522
3899	1284	2367
3900	1965	163
3901	1965	2490
3902	409	163
3903	718	1736
3904	718	1792
3905	1322	1924
3906	2404	2423
3907	2580	2544
3908	294	1522
3909	2387	1078
3910	2387	1078
3911	2387	1078
3912	2387	1078
3913	2387	860
3914	2590	828
3915	2095	2030
3916	486	2490
3917	1858	1035
3918	1858	2189
3919	1858	463
3920	1858	19
3921	1858	2164
3922	1858	2490
3923	1858	1685
3924	1858	272
3925	1858	869
3926	1858	1607
3927	1858	290
3928	1858	2594
3929	1858	30
3930	2084	2490
3931	2084	144
3932	2078	2673
3933	2078	2490
3934	519	80
3935	1654	73
3936	297	1736
3937	297	1792
3938	1111	2490
3939	304	144
3940	882	2140
3941	2587	1062
3942	1181	80
3943	152	1743
3944	1371	1738
3945	2037	330
3946	2037	2490
3947	1038	2456
3948	720	1068
3949	328	806
3950	965	878
3951	72	2490
3952	1001	2079
3953	1001	1056
3954	1001	2740
3955	1001	1148
3956	1001	1142
3957	1001	2073
3958	2336	2544
3959	646	2490
3960	1399	144
3961	2689	2544
3962	1818	463
3963	62	1218
3964	2378	828
3965	2378	2427
3966	2378	1522
3967	2065	303
3968	1443	2050
3969	1622	2490
3970	1704	1330
3971	2377	878
3972	2020	2490
3973	1383	878
3974	2089	2490
3975	1903	1522
3976	348	1808
3977	821	1569
3978	821	1079
3979	821	334
3980	2022	2490
3981	23	2544
3982	757	2490
3983	757	878
3984	228	1743
3985	2570	2544
3986	1984	1444
3987	1984	1444
3988	1889	2490
3989	788	1218
3990	788	1522
3991	2372	144
3992	1948	2490
3993	434	2427
3994	434	1355
3995	434	1157
3996	434	590
3997	1950	1743
3998	1950	1522
3999	374	1078
4000	374	2632
4001	374	1522
4002	225	463
4003	225	2677
4004	225	2544
4005	225	2490
4006	225	1522
4007	744	2456
4008	1375	1738
4009	1375	1522
4010	2606	246
4011	477	2427
4012	477	590
4013	2540	869
4014	1854	1743
4015	1085	1881
4016	1085	2677
4017	1085	878
4018	1085	1685
4019	1085	272
4020	1085	1924
4021	1085	2498
4022	1085	2594
4023	1085	30
4024	1085	1068
4025	357	2490
4026	357	878
4027	357	290
4028	1246	2266
4029	1134	1522
4030	692	1051
4031	692	335
4032	692	2266
4033	692	163
4034	692	454
4035	692	2414
4036	692	144
4037	533	1337
4038	533	1522
4039	278	1629
4040	2152	185
4041	2152	163
4042	2152	80
4043	2003	2189
4044	2003	463
4045	2003	2490
4046	2003	878
4047	2003	1685
4048	2003	272
4049	2003	1607
4050	859	1035
4051	859	2189
4052	859	463
4053	859	19
4054	859	2164
4055	859	30
4056	859	1685
4057	859	272
4058	859	869
4059	859	1607
4060	859	290
4061	859	2594
4062	220	2189
4063	220	463
4064	220	2490
4065	220	878
4066	220	1685
4067	220	272
4068	220	1607
4069	248	2189
4070	248	463
4071	248	2490
4072	248	878
4073	248	1685
4074	248	272
4075	248	1607
4076	195	2544
4077	195	1330
4078	1857	341
4079	1857	414
4080	1520	2427
4081	1520	1743
4082	1520	590
4083	2395	2677
4084	2395	1522
4085	325	2490
4086	1932	2677
4087	631	314
4088	631	2693
4089	631	1881
4090	631	2189
4091	631	1209
4092	631	463
4093	631	2436
4094	631	1342
4095	631	891
4096	631	330
4097	631	887
4098	631	1781
4099	631	1337
4100	631	878
4101	631	1218
4102	631	1319
4103	631	432
4104	631	30
4105	631	1685
4106	631	1166
4107	631	1522
4108	631	2367
4109	631	610
4110	631	73
4111	631	2414
4112	631	1833
4113	631	2503
4114	2209	463
4115	2209	878
4116	2116	1522
4117	1999	1522
4118	769	80
4119	1836	153
4120	1836	453
4121	242	2544
4122	242	1522
4123	495	1275
4124	893	80
4125	329	1522
4126	274	2427
4127	274	1355
4128	274	1522
4129	2139	1540
4130	2139	809
4131	2139	2221
4132	448	2544
4133	448	1522
4134	2664	1522
4135	1368	1522
4136	749	2456
4137	1873	2490
4138	1521	878
4139	70	1035
4140	70	2189
4141	70	463
4142	70	19
4143	70	2164
4144	70	878
4145	70	30
4146	70	1685
4147	70	272
4148	70	869
4149	70	1607
4150	70	290
4151	70	2594
4152	2697	878
4153	2122	2673
4154	2122	2544
4155	802	2427
4156	802	590
4157	1437	1522
4158	932	2427
4159	932	590
4160	2371	1522
4161	2371	73
4162	1750	1970
4163	1750	485
4164	1750	272
4165	1750	1924
4166	1750	2498
4167	1750	73
4168	1750	2594
4169	1750	80
4170	1501	2441
4171	1425	2544
4172	1431	2544
4173	1819	2427
4174	1171	2544
4175	2553	1881
4176	2553	878
4177	2553	1522
4178	1237	878
4179	1086	1218
4180	1086	1522
4181	2228	1743
4182	2228	144
4183	288	2677
4184	288	878
4185	1616	2490
4186	2149	2490
4187	258	2292
4188	258	1435
4189	258	2456
4190	142	1522
4191	1132	1743
4192	2051	2490
4193	587	80
4194	18	860
4195	1248	414
4196	2252	144
4197	1231	2333
4198	2613	1330
4199	1893	2544
4200	1893	860
4201	2141	1522
4202	207	163
4203	50	2544
4204	847	1881
4205	2068	2424
4206	908	531
4207	2460	1035
4208	2244	887
4209	2244	596
4210	2244	1522
4211	2244	610
4212	2244	1833
4213	988	2490
4214	2026	80
4215	2098	1522
4216	2332	2427
4217	2332	590
4218	1417	1743
4219	770	1078
4220	770	2632
4221	2665	2544
4222	1733	1218
4223	2082	163
4224	2082	1832
4225	1530	1078
4226	1530	2632
4227	1772	2490
4228	388	1738
4229	2123	2490
4230	1070	1895
4231	1070	638
4232	161	2490
4233	161	878
4234	161	144
4235	2142	2427
4236	2142	327
4237	2576	1738
4238	766	1924
4239	864	1078
4240	1943	1743
4241	1943	144
4242	2342	1522
4243	2595	2490
4244	2038	2594
4245	2710	414
4246	2443	272
4247	2505	80
4248	1074	878
4249	605	2544
4250	1631	1522
4251	1770	806
4252	1344	2102
4253	1751	2427
4254	1751	590
4255	2370	1522
4256	344	1079
4257	2187	1093
4258	1205	2205
4259	2181	878
4260	2181	1157
4261	958	2050
4262	2159	2490
4263	2474	209
4264	2268	1522
4265	1247	2544
4266	1247	1885
4267	1406	1330
4268	976	163
4269	443	327
4270	443	2427
4271	91	2544
4272	1483	1035
4273	2238	2456
4274	2233	80
4275	40	2490
4276	2477	2427
4277	2477	1355
4278	2477	590
4279	7	2427
4280	7	327
4281	7	1522
4282	552	1321
4283	798	1743
4284	2656	2673
4285	410	163
4286	410	2414
4287	444	2456
4288	2280	1569
4289	1595	1569
4290	1595	2102
4291	1595	1924
4292	197	335
4293	737	590
4294	2143	144
4295	583	1522
4296	845	1522
4297	1894	163
4298	1894	2414
4299	901	1924
4300	371	2379
4301	2197	2490
4302	1746	878
4303	1468	209
4304	2385	1924
4305	65	1738
4306	65	1218
4307	65	1522
4308	1482	463
4309	1482	2677
4310	1482	2498
4311	260	153
4312	2039	1895
4313	2039	638
4314	250	2427
4315	250	590
4316	1709	163
4317	1709	1078
4318	1709	1078
4319	1709	1078
4320	1709	1078
4321	1709	1078
4322	1709	2632
4323	2165	1522
4324	1952	1035
4325	1952	2693
4326	1952	463
4327	1952	2677
4328	817	463
4329	817	1157
4330	817	272
4331	817	1924
4332	817	2498
4333	1380	201
4334	141	2490
4335	2406	878
4336	147	2544
4337	147	1522
4338	1066	1738
4339	748	878
4340	1109	163
4341	549	272
4342	549	1522
4343	549	1924
4344	549	2594
4345	1336	1068
4346	1336	2594
4347	456	860
4348	167	1522
4349	337	2490
4350	479	610
4351	1033	2631
4352	1702	1522
4353	1741	860
4354	1162	878
4355	1162	1166
4356	2663	144
4357	789	1738
4358	1430	73
4359	1135	878
4360	1851	1166
4361	1835	828
4362	702	80
4363	1253	463
4364	1253	1078
4365	1253	2490
4366	1253	878
4367	2625	2427
4368	2625	590
4369	707	1218
4370	1464	2544
4371	2114	2266
4372	2114	201
4373	426	2427
4374	426	590
4375	2374	2072
4376	914	2456
4377	2399	1078
4378	2399	1078
4379	2399	1078
4380	2399	1078
4381	2399	2666
4382	417	1522
4383	1119	2427
4384	117	935
4385	117	983
4386	117	2616
4387	117	669
4388	117	2067
4389	117	813
4390	117	531
4391	117	185
4392	117	1062
4393	135	2490
4394	753	2490
4395	216	2490
4396	216	1522
4397	1926	1522
4398	1951	163
4399	551	1157
4400	708	2490
4401	1103	2436
4402	1190	2189
4403	1314	2631
4404	2353	1522
4405	2718	1522
4406	155	2436
4407	155	1738
4408	26	80
4409	1935	2490
4410	872	270
4411	872	1420
4412	1887	2544
4413	1499	80
4414	1822	2631
4415	1110	1078
4416	1110	1078
4417	1110	1078
4418	1110	1078
4419	1110	2632
4420	115	2677
4421	561	1522
4422	1194	2544
4423	1194	1522
4424	237	2456
4425	85	860
4426	1266	1522
4427	2475	2631
4428	1232	1743
4429	699	2490
4430	1484	163
4431	1449	860
4432	1865	2490
4433	985	878
4434	1164	2490
4435	2392	2544
4436	2392	1743
4437	1955	2544
4438	746	1522
4439	704	1569
4440	1717	463
4441	1717	163
4442	1717	1157
4443	1717	1068
4444	1717	272
4445	1717	1924
4446	1717	2498
4447	527	860
4448	1610	1522
4449	1609	144
4450	1609	2257
4451	418	2427
4452	418	590
4453	761	335
4454	761	641
4455	1627	2367
4456	482	1522
4457	2400	2544
4458	2400	1522
4459	1233	1522
4460	401	1743
4461	508	2544
4462	508	1522
4463	2573	2490
4464	1261	2490
4465	2183	73
4466	499	73
4467	378	2490
4468	2160	1079
4469	347	1743
4470	347	144
4471	2117	163
4472	2036	878
4473	1125	163
4474	1125	1522
4475	2083	2490
4476	2612	2693
4477	2	2427
4478	2	327
4479	2	1355
4480	1199	1738
4481	1199	1522
4482	1000	2490
4483	2254	1522
4484	2507	860
4485	2507	1078
4486	2507	2632
4487	950	1522
4488	466	1062
4489	63	2427
4490	63	590
4491	63	1355
4492	1240	2544
4493	1240	1522
4494	1240	73
4495	2320	2358
4496	2320	2428
4497	775	2544
4498	2652	1522
4499	2577	2128
4500	2577	2661
4501	2577	153
4502	2577	453
4503	2577	1506
4504	2577	1062
4505	2577	1878
4506	364	2687
4507	364	490
4508	364	406
4509	364	2153
4510	364	2427
4511	364	163
4512	364	502
4513	364	1844
4514	2572	1062
4515	148	1166
4516	2013	1607
4517	2486	590
4518	2486	2427
4519	2486	1355
4520	1575	264
4521	759	163
4522	93	2490
4523	841	2030
4524	873	805
4525	873	1062
4526	1026	80
4527	611	2427
4528	611	590
4529	259	1522
4530	751	2456
4531	779	1330
4532	607	1738
4533	1684	954
4534	1684	1297
4535	1684	2740
4536	1684	1142
4537	1684	1691
4538	1131	311
4539	2241	2544
4540	119	1218
4541	119	869
4542	644	163
4543	2591	163
4544	2382	1218
4545	2107	2490
4546	2107	1685
4547	584	163
4548	875	1079
4549	2324	1743
4550	2324	1079
4551	1090	1522
4552	2001	694
4553	855	694
4554	855	2490
4555	683	2427
4556	683	1355
4557	2146	2544
4558	2146	1522
4559	1397	163
4560	1397	2414
4561	1108	1781
4562	1108	2490
4563	1108	144
4564	1601	19
4565	1601	1738
4566	2500	564
4567	2654	153
4568	2654	590
4569	2654	2427
4570	2620	1629
4571	2620	2205
4572	200	73
4573	310	272
4574	310	1924
4575	2734	2490
4576	2641	1569
4577	2432	1629
4578	2649	2490
4579	2649	878
4580	2138	163
4581	1972	1743
4582	289	1522
4583	2531	1569
4584	2531	1924
4585	2531	869
4586	1956	2544
4587	1973	1743
4588	1973	144
4589	736	2677
4590	736	1078
4591	736	2632
4592	736	1743
4593	736	1522
4594	1429	2189
4595	1429	2490
4596	1477	2427
4597	1477	590
4598	1477	1355
4599	2169	2205
4600	2169	1078
4601	2169	878
4602	1635	163
4603	2709	2544
4604	2345	2677
4605	2345	1078
4606	2345	2632
4607	2345	1522
4608	1713	1522
4609	399	144
4610	868	1522
4611	2127	80
4612	851	2490
4613	2015	2456
4614	2015	144
4615	2685	463
4616	2685	869
4617	536	878
4618	1855	432
4619	1512	2490
4620	2343	1743
4621	2343	144
4622	483	2490
4623	483	1522
4624	1923	386
4625	1859	1629
4626	1784	878
4627	1784	1218
4628	1784	272
4629	1784	2498
4630	876	1062
4631	2608	2673
4632	2608	2677
4633	2608	2490
4634	2608	1522
4635	2608	1924
4636	2608	73
4637	2103	1522
4638	635	414
4639	628	2490
4640	2726	2072
4641	1590	2427
4642	1590	590
4643	1590	1355
4644	1590	1157
4645	1590	144
4646	1268	2427
4647	1268	327
4648	56	2205
4649	56	2673
4650	56	2677
4651	56	2427
4652	56	2490
4653	56	878
4654	56	1355
4655	56	1218
4656	56	1522
4657	56	1924
4658	56	73
4659	369	2427
4660	369	1355
4661	1942	2544
4662	919	860
4663	2248	2544
4664	1523	2544
4665	2356	2589
4666	2356	1738
4667	2356	1765
4668	2559	272
4669	2559	1924
4670	857	878
4671	1508	1522
4672	503	1522
4673	1028	860
4674	2444	2427
4675	2444	163
4676	1692	144
4677	1728	2490
4678	1728	878
4679	1514	1330
4680	2150	1395
4681	2150	153
4682	2150	1878
4683	1137	2490
4684	1707	1522
4685	2435	878
4686	1705	1522
4687	165	163
4688	1466	327
4689	1466	2427
4690	1141	1522
4691	1191	163
4692	1191	1157
4693	244	878
4694	244	1924
4695	2373	2544
4696	150	2422
4697	2040	1035
4698	1202	463
4699	1202	1522
4700	2075	2063
4701	612	2673
4702	612	2490
4703	2361	2292
4704	2361	1078
4705	2361	2456
4706	2361	2063
4707	1405	80
4708	1877	1166
4709	2410	1035
4710	2410	1048
4711	2410	1752
4712	2410	1533
4713	2410	1745
4714	2410	1218
4715	1456	1781
4716	1456	2544
4717	1456	1522
4718	1538	1522
4719	108	1157
4720	2672	806
4721	1615	878
4722	1790	2205
4723	1790	2490
4724	1790	878
4725	352	2544
4726	82	1522
4727	688	2544
4728	688	1522
4729	1318	1522
4730	1828	1655
4731	280	2490
4732	280	1522
4733	2560	1522
4734	2220	2677
4735	2220	1078
4736	2220	2632
4737	2220	1522
4738	2220	1736
4739	2220	1792
4740	296	144
4741	245	2257
4742	395	80
4743	1991	2253
4744	548	2168
4745	548	497
4746	990	1522
4747	903	1743
4748	1700	1743
4749	2690	2456
4750	1666	1738
4751	129	1738
4752	2547	1218
4753	2223	2490
4754	776	878
4755	180	2490
4756	180	2456
4757	1281	1522
4758	1225	2693
4759	1225	570
4760	1225	570
4761	2232	272
4762	2232	1924
4763	797	163
4764	2222	163
4765	859	1048
4766	859	1048
4767	859	1048
4768	859	1048
4769	859	1048
4770	859	1048
4771	859	1048
4772	859	1048
4773	859	1048
4774	859	1048
4775	859	1048
4776	859	1048
4777	859	1048
4778	859	1048
4779	859	1048
4780	859	1048
4781	859	1048
4782	859	1048
4783	859	1048
4784	859	1048
4785	859	1048
4786	859	1048
4787	859	1048
4788	859	1048
4789	859	1048
4790	859	1048
4791	859	1048
4792	859	1048
4793	859	1048
4794	859	1048
4795	859	1048
4796	859	1048
4797	859	1048
4798	859	1048
4799	859	1048
4800	859	1048
4801	859	1048
4802	859	1048
4803	859	1048
4804	859	1048
4805	859	1048
4806	859	1048
4807	859	1048
4808	859	1048
4809	859	1048
4810	859	1048
4811	859	1048
4812	859	1048
4813	859	1048
4814	859	1048
4815	859	1048
4816	859	1048
4817	859	1048
4818	859	1048
4819	859	1048
4820	859	1048
4821	859	1048
4822	859	1048
4823	859	1048
4824	859	1048
4825	859	1048
4826	859	1048
4827	859	1048
4828	859	1048
4829	859	1048
4830	859	1048
4831	859	1048
4832	859	1048
4833	859	1048
4834	859	1048
4835	859	1048
4836	859	1048
4837	859	1048
4838	859	1048
4839	859	1048
4840	859	1048
4841	859	1048
4842	859	1048
4843	859	1048
4844	859	1048
4845	859	1048
4846	859	1048
4847	859	1048
4848	859	1048
4849	859	1048
4850	859	1048
4851	859	1048
4852	859	1048
4853	859	1048
4854	859	1048
4855	859	1048
4856	859	1048
4857	859	1048
4858	859	1048
4859	859	1048
4860	859	1048
4861	859	1048
4862	859	1048
4863	859	1048
4864	859	1048
4865	859	1048
4866	859	1048
4867	859	1048
4868	859	1048
4869	859	1048
4870	859	1048
4871	859	1048
4872	859	1048
4873	859	1048
4874	859	1048
4875	859	1048
4876	859	1048
4877	859	1048
4878	859	1048
4879	859	1048
4880	859	1048
4881	859	1048
4882	859	1048
4883	859	1048
4884	859	1048
4885	859	1048
4886	859	1048
4887	859	1048
4888	859	1048
4889	859	1048
4890	859	1048
4891	859	1048
4892	859	1048
4893	859	1048
4894	859	1048
4895	859	1048
4896	859	1048
4897	859	1048
4898	859	1048
4899	859	1048
4900	859	1048
4901	859	1048
4902	859	1048
4903	859	1048
4904	859	1048
4905	859	1048
4906	859	1048
4907	859	1048
4908	859	1048
4909	859	1048
4910	859	1048
4911	859	1048
4912	859	1048
4913	859	1048
4914	859	1048
4915	859	1048
4916	859	1048
4917	859	1048
4918	859	1048
4919	859	1048
4920	859	1048
4921	859	1048
4922	859	1048
4923	859	1048
4924	859	1048
4925	859	1048
4926	859	1048
4927	859	1048
4928	859	1048
4929	859	1048
4930	859	1048
4931	859	1048
4932	859	1048
4933	859	1048
4934	859	1048
4935	859	1048
4936	859	1048
4937	859	1048
4938	859	1048
4939	859	1048
4940	859	1048
4941	859	1048
4942	859	1048
4943	859	1048
4944	859	1048
4945	859	1048
4946	859	1048
4947	859	1048
4948	859	1048
4949	859	1048
4950	859	1048
4951	859	1048
4952	859	1048
4953	859	1048
4954	859	1048
4955	859	1048
4956	859	1048
4957	859	1048
4958	859	1048
4959	859	1048
4960	859	1048
4961	859	1048
4962	859	1048
4963	859	1048
4964	859	1048
4965	859	1048
4966	859	1048
4967	859	1048
4968	859	1048
4969	859	1048
4970	859	1048
4971	859	1048
4972	859	1048
4973	859	1048
4974	859	1048
4975	859	1048
4976	859	1048
4977	859	1048
4978	859	1048
4979	859	1048
4980	859	1048
4981	859	1048
4982	859	1048
4983	859	1048
4984	859	1048
4985	859	1048
4986	859	1048
4987	859	1048
4988	859	1048
4989	859	1048
4990	859	1048
4991	859	1048
4992	859	1048
4993	859	1048
4994	859	1048
4995	859	1048
4996	859	1048
4997	859	1048
4998	859	1048
4999	859	1048
5000	859	1048
5001	859	1048
5002	859	1048
5003	859	1048
5004	859	1048
5005	859	1048
5006	859	1048
5007	859	1048
5008	859	1048
5009	859	1048
5010	859	1048
5011	859	1048
5012	859	1048
5013	859	1048
5014	859	1048
5015	859	1048
5016	859	1048
5017	859	1048
5018	859	1048
5019	859	1048
