	0
0	953.0
1	571.0
2	594.0
3	135.0
4	919.0
5	98.0
6	317.0
7	100.0
8	127.0
9	831.0
10	208.0
11	84.0
12	102.0
13	149.0
14	564.0
15	383.0
16	200.0
17	171.0
18	601.0
19	124.0
20	78.0
21	96.0
22	124.0
23	164.0
24	110.0
25	130.0
26	76.0
27	167.0
28	354.0
29	455.0
30	629.0
31	3939.0
32	778.0
33	88.0
34	588.0
35	132.0
36	57.0
37	225.0
38	108.0
39	194.0
40	108.0
41	127.0
42	249.0
43	326.0
44	13677.0
45	461.0
46	106.0
47	61.0
48	775.0
49	1005.0
50	61.0
51	166.0
52	216.0
53	10597.0
54	508.0
55	295.0
56	77.0
57	2208.0
58	2926.0
59	1074.0
60	210.0
61	523.0
62	500.0
63	857.0
64	760.0
65	210.0
66	82.0
67	995.0
68	56.0
69	98.0
70	787.0
71	172.0
72	292.0
73	377.0
74	354.0
75	131.0
76	52.0
77	499.0
78	40.0
79	1160.0
80	563.0
81	153.0
82	1226.0
83	1014.0
84	579.0
85	321.0
86	92.0
87	1365.0
88	106.0
89	131.0
90	37.0
91	149.0
92	215.0
93	2320.0
94	68.0
95	606.0
96	63.0
97	984.0
98	756.0
99	421.0
100	237.0
101	207.0
102	352.0
103	71.0
104	360.0
105	107.0
106	1327.0
107	147.0
108	344.0
109	178.0
110	355.0
111	3577.0
112	159.0
113	84.0
114	7462.0
115	191.0
116	109.0
117	396.0
118	199.0
119	336.0
120	100.0
121	90.0
122	97.0
123	8220.0
124	94.0
125	470.0
126	48.0
127	45.0
128	51.0
129	1583.0
130	412.0
131	732.0
132	435.0
133	168.0
134	560.0
135	140.0
136	340.0
137	813.0
138	977.0
139	4114.0
140	251.0
141	59.0
142	237.0
143	382.0
144	325.0
145	155.0
146	650.0
147	9243.0
148	105.0
149	153.0
150	153.0
151	301.0
152	115.0
153	91.0
154	97.0
155	15752.0
156	99.0
157	1482.0
158	1606.0
159	1335.0
160	188.0
161	482.0
162	53.0
163	637.0
164	377.0
165	2103.0
166	209.0
167	305.0
168	223.0
169	914.0
170	388.0
171	857.0
172	799.0
173	1291.0
174	204.0
175	3823.0
176	193.0
177	176.0
178	107.0
179	274.0
180	3356.0
181	271.0
182	122.0
183	157.0
184	125.0
185	143.0
186	193.0
187	653.0
188	807.0
189	3233.0
190	1242.0
191	180.0
192	168.0
193	86.0
194	2776.0
195	846.0
196	138.0
197	157.0
198	151.0
199	119.0
200	2056.0
201	469.0
202	101.0
203	102.0
204	52.0
205	220.0
206	398.0
207	35.0
208	1599.0
209	217.0
210	275.0
211	180.0
212	128.0
213	197.0
214	433.0
215	2356.0
216	12817.0
217	529.0
218	1152.0
219	232.0
220	94.0
221	88.0
222	264.0
223	485.0
224	332.0
225	1651.0
226	322.0
227	729.0
228	218.0
229	640.0
230	106.0
231	1315.0
232	83.0
233	317.0
234	72.0
235	112.0
236	348.0
237	5193.0
238	501.0
239	298.0
240	126.0
241	1154.0
242	277.0
243	3367.0
244	71.0
245	247.0
246	982.0
247	630.0
248	160.0
249	98.0
250	18766.0
251	331.0
252	1747.0
253	86.0
254	94.0
255	436.0
256	82.0
257	266.0
258	1633.0
259	167.0
260	99.0
261	1715.0
262	158.0
263	4462.0
264	174.0
265	147.0
266	16793.0
267	135.0
268	382.0
269	410.0
270	84.0
271	354.0
272	267.0
273	184.0
274	2270.0
275	874.0
276	22357.0
277	1111.0
278	509.0
279	2884.0
280	86.0
281	1402.0
282	1201.0
283	20102.0
284	605.0
285	154.0
286	83.0
287	2684.0
288	259.0
289	17614.0
290	576.0
291	478.0
292	186.0
293	2121.0
294	61.0
295	89.0
296	100.0
297	280.0
298	1537.0
299	1259.0
300	1016.0
301	71.0
302	256.0
303	494.0
304	211.0
305	301.0
306	42.0
307	486.0
308	213.0
309	896.0
310	167.0
311	631.0
312	819.0
313	118.0
314	299.0
315	96.0
316	1960.0
317	179.0
318	83.0
319	1365.0
320	76.0
321	1860.0
322	112.0
323	79.0
324	527.0
325	644.0
326	1684.0
327	126.0
328	127.0
329	38.0
330	408.0
331	849.0
332	82.0
333	114.0
334	173.0
335	21905.0
336	507.0
337	171.0
338	534.0
339	104.0
340	130.0
341	3872.0
342	214.0
343	72.0
344	799.0
345	144.0
346	247.0
347	74.0
348	123.0
349	3311.0
350	981.0
351	897.0
352	95.0
353	146.0
354	154.0
355	258.0
356	1682.0
357	4093.0
358	437.0
359	2177.0
360	1027.0
361	344.0
362	316.0
363	231.0
364	143.0
365	109.0
366	122.0
367	103.0
368	913.0
369	524.0
370	133.0
371	417.0
372	802.0
373	53.0
374	3378.0
375	657.0
376	347.0
377	289.0
378	375.0
379	64.0
380	289.0
381	2971.0
382	132.0
383	352.0
384	264.0
385	1238.0
386	124.0
387	1365.0
388	54.0
389	3570.0
390	103.0
391	146.0
392	9738.0
393	465.0
394	649.0
395	969.0
396	88.0
397	554.0
398	269.0
399	314.0
400	433.0
401	189.0
402	476.0
403	237.0
404	146.0
405	99.0
406	1274.0
407	91.0
408	105.0
409	404.0
410	365.0
411	1514.0
412	176.0
413	205.0
414	230.0
415	77.0
416	979.0
417	407.0
418	2207.0
419	21436.0
420	21383.0
421	612.0
422	115.0
423	391.0
424	41.0
425	1042.0
426	69.0
427	4204.0
428	1095.0
429	346.0
430	188.0
431	271.0
432	404.0
433	15807.0
434	2211.0
435	3900.0
436	951.0
437	675.0
438	106.0
439	663.0
440	377.0
441	2900.0
442	125.0
443	1185.0
444	62.0
445	189.0
446	190.0
447	371.0
448	1251.0
449	168.0
450	169.0
451	267.0
452	178.0
453	104.0
454	171.0
455	840.0
456	506.0
457	465.0
458	267.0
459	752.0
460	57.0
461	283.0
462	2436.0
463	3156.0
464	130.0
465	4482.0
466	660.0
467	145.0
468	2564.0
469	134.0
470	281.0
471	182.0
472	325.0
473	135.0
474	524.0
475	148.0
476	1413.0
477	94.0
478	116.0
479	182.0
480	55.0
481	476.0
482	238.0
483	135.0
484	180.0
485	1048.0
486	332.0
487	898.0
488	111.0
489	213.0
490	934.0
491	116.0
492	3560.0
493	874.0
494	302.0
495	355.0
496	269.0
497	126.0
498	5882.0
499	836.0
500	1329.0
501	192.0
502	694.0
503	131.0
504	299.0
505	64.0
506	89.0
507	198.0
508	5727.0
509	617.0
510	311.0
511	815.0
512	1375.0
513	2550.0
514	442.0
515	164.0
516	811.0
517	167.0
518	187.0
519	764.0
520	66.0
521	922.0
522	286.0
523	198.0
524	445.0
525	120.0
526	109.0
527	444.0
528	153.0
529	127.0
530	133.0
531	208.0
532	64.0
533	690.0
534	191.0
535	414.0
536	1693.0
537	313.0
538	2870.0
539	796.0
540	78.0
541	500.0
542	397.0
543	288.0
544	111.0
545	997.0
546	237.0
547	386.0
548	78.0
549	328.0
550	1645.0
551	427.0
552	108.0
553	130.0
554	508.0
555	2176.0
556	145.0
557	197.0
558	151.0
559	90.0
560	133.0
561	304.0
562	246.0
563	41.0
564	12724.0
565	1531.0
566	112.0
567	115.0
568	425.0
569	49.0
570	286.0
571	930.0
572	686.0
573	3838.0
574	284.0
575	92.0
576	235.0
577	5189.0
578	67.0
579	714.0
580	382.0
581	47.0
582	775.0
583	475.0
584	278.0
585	742.0
586	149.0
587	283.0
588	268.0
589	188.0
590	228.0
591	1400.0
592	3022.0
593	1096.0
594	219.0
595	852.0
596	395.0
597	515.0
598	153.0
599	63.0
600	69.0
601	734.0
602	164.0
603	132.0
604	931.0
605	326.0
606	258.0
607	187.0
608	252.0
609	276.0
610	71.0
611	87.0
612	137.0
613	289.0
614	1833.0
615	440.0
616	302.0
617	342.0
618	430.0
619	717.0
620	63.0
621	917.0
622	72.0
623	862.0
624	365.0
625	143.0
626	648.0
627	141.0
628	401.0
629	918.0
630	85.0
631	2731.0
632	407.0
633	1675.0
634	400.0
635	1393.0
636	65.0
637	1236.0
638	668.0
639	29.0
640	416.0
641	81.0
642	868.0
643	19909.0
644	169.0
645	81.0
646	10039.0
647	14625.0
648	105.0
649	1040.0
650	144.0
651	187.0
652	181.0
653	291.0
654	416.0
655	253.0
656	482.0
657	1472.0
658	95.0
659	410.0
660	76.0
661	151.0
662	1194.0
663	215.0
664	1785.0
665	216.0
666	221.0
667	347.0
668	22163.0
669	159.0
670	69.0
671	45.0
672	348.0
673	414.0
674	421.0
675	212.0
676	236.0
677	237.0
678	840.0
679	255.0
680	166.0
681	432.0
682	379.0
683	565.0
684	113.0
685	283.0
686	1787.0
687	24.0
688	5148.0
689	747.0
690	303.0
691	454.0
692	126.0
693	610.0
694	932.0
695	191.0
696	119.0
697	743.0
698	89.0
699	3046.0
700	145.0
701	325.0
702	58.0
703	274.0
704	1468.0
705	3508.0
706	1334.0
707	204.0
708	6431.0
709	3989.0
710	176.0
711	168.0
712	187.0
713	334.0
714	175.0
715	6.0
716	175.0
717	285.0
718	47.0
719	224.0
720	1229.0
721	100.0
722	118.0
723	436.0
724	251.0
725	183.0
726	19277.0
727	281.0
728	590.0
729	198.0
730	1125.0
731	381.0
732	744.0
733	712.0
734	135.0
735	70.0
736	179.0
737	194.0
738	19468.0
739	163.0
740	384.0
741	117.0
742	818.0
743	412.0
744	98.0
745	1347.0
746	115.0
747	298.0
748	444.0
749	89.0
750	760.0
751	1046.0
752	153.0
753	147.0
754	358.0
755	1493.0
756	87.0
757	909.0
758	203.0
759	232.0
760	477.0
761	424.0
762	695.0
763	709.0
764	1124.0
765	80.0
766	144.0
767	253.0
768	1398.0
769	221.0
770	97.0
771	598.0
772	1471.0
773	694.0
774	95.0
775	233.0
776	90.0
777	1211.0
778	4918.0
779	111.0
780	256.0
781	527.0
782	12576.0
783	116.0
784	272.0
785	283.0
786	158.0
787	100.0
788	155.0
789	1871.0
790	977.0
791	110.0
792	15067.0
793	10084.0
794	1376.0
795	518.0
796	163.0
797	105.0
798	128.0
799	42.0
800	70.0
801	220.0
802	54.0
803	7627.0
804	5359.0
805	110.0
806	841.0
807	856.0
808	407.0
809	1675.0
810	849.0
811	304.0
812	196.0
813	615.0
814	105.0
815	345.0
816	228.0
817	264.0
818	1194.0
819	23762.0
820	505.0
821	879.0
822	1502.0
823	257.0
824	145.0
825	1126.0
826	95.0
827	291.0
828	86.0
829	791.0
830	261.0
831	687.0
832	3372.0
833	121.0
834	1087.0
835	68.0
836	55.0
837	284.0
838	429.0
839	272.0
840	75.0
841	61.0
842	213.0
843	481.0
844	128.0
845	974.0
846	157.0
847	19274.0
848	1116.0
849	3587.0
850	590.0
851	329.0
852	124.0
853	45.0
854	96.0
855	301.0
856	136.0
857	144.0
858	888.0
859	36.0
860	64.0
861	339.0
862	236.0
863	20.0
864	513.0
865	445.0
866	256.0
867	132.0
868	1776.0
869	194.0
870	337.0
871	1277.0
872	331.0
873	97.0
874	1615.0
875	19331.0
876	115.0
877	306.0
878	156.0
879	1608.0
880	124.0
881	78.0
882	380.0
883	1859.0
884	73.0
885	4605.0
886	145.0
887	464.0
888	1500.0
889	15327.0
890	645.0
891	134.0
892	1703.0
893	1273.0
894	238.0
895	135.0
896	211.0
897	214.0
898	19502.0
899	126.0
900	793.0
901	594.0
902	853.0
903	212.0
904	100.0
905	286.0
906	2117.0
907	122.0
908	1097.0
909	1993.0
910	1129.0
911	74.0
912	2298.0
913	5832.0
914	627.0
915	3596.0
916	125.0
917	94.0
918	84.0
919	79.0
920	15663.0
921	762.0
922	364.0
923	443.0
924	2134.0
925	161.0
926	2887.0
927	232.0
928	1635.0
929	330.0
930	122.0
931	24.0
932	188.0
933	731.0
934	85.0
935	19183.0
936	6616.0
937	1824.0
938	343.0
939	347.0
940	255.0
941	188.0
942	94.0
943	367.0
944	448.0
945	2854.0
946	459.0
947	518.0
948	109.0
949	789.0
950	168.0
951	135.0
952	397.0
953	107.0
954	486.0
955	11796.0
956	1059.0
957	605.0
958	426.0
959	4572.0
960	139.0
961	500.0
962	3863.0
963	58.0
964	14932.0
965	413.0
966	1135.0
967	52.0
968	497.0
969	74.0
970	484.0
971	494.0
972	318.0
973	641.0
974	119.0
975	326.0
976	79.0
977	100.0
978	150.0
979	153.0
980	994.0
981	231.0
982	51.0
983	210.0
984	2064.0
985	2655.0
986	93.0
987	579.0
988	70.0
989	99.0
990	309.0
991	460.0
992	151.0
993	595.0
994	2171.0
995	107.0
996	22389.0
997	1416.0
998	101.0
999	1360.0
1000	5595.0
1001	133.0
1002	213.0
1003	62.0
1004	129.0
1005	372.0
1006	805.0
1007	156.0
1008	639.0
1009	147.0
1010	1753.0
1011	188.0
1012	80.0
1013	773.0
1014	188.0
1015	1745.0
1016	83.0
1017	473.0
1018	390.0
1019	289.0
1020	114.0
1021	22743.0
1022	286.0
1023	342.0
1024	219.0
1025	128.0
1026	1054.0
1027	304.0
1028	16527.0
1029	637.0
1030	214.0
1031	95.0
1032	86.0
1033	1359.0
1034	771.0
1035	336.0
1036	219.0
1037	4323.0
1038	11683.0
1039	3016.0
1040	219.0
1041	323.0
1042	8429.0
1043	774.0
1044	960.0
1045	378.0
1046	439.0
1047	132.0
1048	197.0
1049	130.0
1050	505.0
1051	156.0
1052	124.0
1053	180.0
1054	566.0
1055	79.0
1056	472.0
1057	521.0
1058	394.0
1059	8679.0
1060	109.0
1061	128.0
1062	485.0
1063	111.0
1064	197.0
1065	419.0
1066	927.0
1067	963.0
1068	487.0
1069	1066.0
1070	64.0
1071	420.0
1072	158.0
1073	231.0
1074	2758.0
1075	198.0
1076	744.0
1077	480.0
1078	349.0
1079	397.0
1080	244.0
1081	219.0
1082	214.0
1083	782.0
1084	218.0
1085	162.0
1086	116.0
1087	1101.0
1088	237.0
1089	698.0
1090	5140.0
1091	405.0
1092	79.0
1093	66.0
1094	409.0
1095	370.0
1096	372.0
1097	1279.0
1098	192.0
1099	116.0
1100	399.0
1101	293.0
1102	138.0
1103	91.0
1104	467.0
1105	472.0
1106	331.0
1107	242.0
1108	1880.0
1109	116.0
1110	234.0
1111	3125.0
1112	346.0
1113	198.0
1114	85.0
1115	136.0
1116	239.0
1117	57.0
1118	73.0
1119	211.0
1120	72.0
1121	15897.0
1122	312.0
1123	369.0
1124	284.0
1125	2965.0
1126	164.0
1127	126.0
1128	3098.0
1129	228.0
1130	313.0
1131	111.0
1132	2682.0
1133	94.0
1134	100.0
1135	165.0
1136	173.0
1137	923.0
1138	7595.0
1139	221.0
1140	19875.0
1141	3223.0
1142	282.0
1143	516.0
1144	471.0
1145	2398.0
1146	437.0
1147	520.0
1148	60.0
1149	1048.0
1150	134.0
1151	320.0
1152	344.0
1153	52.0
1154	586.0
1155	237.0
1156	180.0
1157	446.0
1158	13334.0
1159	100.0
1160	182.0
1161	960.0
1162	4379.0
1163	113.0
1164	12972.0
1165	318.0
1166	236.0
1167	437.0
1168	459.0
1169	246.0
1170	178.0
1171	342.0
1172	157.0
1173	197.0
1174	9484.0
1175	2493.0
1176	107.0
1177	1160.0
1178	115.0
1179	110.0
1180	94.0
1181	121.0
1182	82.0
1183	100.0
1184	336.0
1185	67.0
1186	63.0
1187	410.0
1188	183.0
1189	141.0
1190	978.0
1191	9162.0
1192	525.0
1193	678.0
1194	713.0
1195	753.0
1196	3323.0
1197	139.0
1198	778.0
1199	184.0
1200	171.0
1201	113.0
1202	10300.0
1203	336.0
1204	199.0
1205	195.0
1206	125.0
1207	298.0
1208	110.0
1209	135.0
1210	114.0
1211	77.0
1212	122.0
1213	372.0
1214	97.0
1215	2083.0
1216	75.0
1217	213.0
1218	297.0
1219	414.0
1220	17567.0
1221	132.0
1222	5080.0
1223	3191.0
1224	2382.0
1225	127.0
1226	419.0
1227	271.0
1228	515.0
1229	559.0
1230	146.0
1231	292.0
1232	457.0
1233	453.0
1234	758.0
1235	114.0
1236	543.0
1237	259.0
1238	489.0
1239	40.0
1240	303.0
1241	128.0
1242	159.0
1243	90.0
1244	309.0
1245	147.0
1246	143.0
1247	1313.0
1248	7255.0
1249	25413.0
1250	117.0
1251	971.0
1252	11869.0
1253	145.0
1254	14350.0
1255	819.0
1256	81.0
1257	71.0
1258	275.0
1259	1219.0
1260	91.0
1261	185.0
1262	131.0
1263	1966.0
1264	145.0
1265	1998.0
1266	77.0
1267	166.0
1268	62.0
1269	126.0
1270	67.0
1271	41.0
1272	276.0
1273	91.0
1274	134.0
1275	829.0
1276	334.0
1277	1102.0
1278	4703.0
1279	147.0
1280	415.0
1281	343.0
1282	111.0
1283	267.0
1284	85.0
1285	742.0
1286	175.0
1287	219.0
1288	1425.0
1289	713.0
1290	114.0
1291	73.0
1292	89.0
1293	1035.0
1294	420.0
1295	516.0
1296	2650.0
1297	616.0
1298	134.0
1299	73.0
1300	232.0
1301	1964.0
1302	158.0
1303	91.0
1304	258.0
1305	445.0
1306	2677.0
1307	5879.0
1308	877.0
1309	141.0
1310	8383.0
1311	1045.0
1312	743.0
1313	2943.0
1314	191.0
1315	247.0
1316	229.0
1317	77.0
1318	150.0
1319	324.0
1320	612.0
1321	76.0
1322	1141.0
1323	147.0
1324	504.0
1325	535.0
1326	2560.0
1327	257.0
1328	105.0
1329	295.0
1330	392.0
1331	53.0
1332	178.0
1333	292.0
1334	343.0
1335	95.0
1336	1212.0
1337	105.0
1338	205.0
1339	140.0
1340	91.0
1341	120.0
1342	1049.0
1343	106.0
1344	486.0
1345	298.0
1346	1000.0
1347	388.0
1348	283.0
1349	958.0
1350	1074.0
1351	102.0
1352	91.0
1353	140.0
1354	6891.0
1355	76.0
1356	188.0
1357	109.0
1358	17058.0
1359	223.0
1360	96.0
1361	307.0
1362	552.0
1363	227.0
1364	118.0
1365	94.0
1366	87.0
1367	383.0
1368	2478.0
1369	351.0
1370	105.0
1371	3349.0
1372	67.0
1373	350.0
1374	284.0
1375	406.0
1376	194.0
1377	68.0
1378	526.0
1379	123.0
1380	17958.0
1381	289.0
1382	277.0
1383	122.0
1384	122.0
1385	11376.0
1386	89.0
1387	255.0
1388	253.0
1389	74.0
1390	2154.0
1391	82.0
1392	14414.0
1393	91.0
1394	96.0
1395	469.0
1396	949.0
1397	4062.0
1398	4599.0
1399	108.0
1400	128.0
1401	69.0
1402	107.0
1403	231.0
1404	89.0
1405	1023.0
1406	80.0
1407	259.0
1408	233.0
1409	158.0
1410	106.0
1411	108.0
1412	86.0
1413	197.0
1414	402.0
1415	13541.0
1416	181.0
1417	1743.0
1418	442.0
1419	159.0
1420	2227.0
1421	10152.0
1422	14548.0
1423	129.0
1424	558.0
1425	428.0
1426	373.0
1427	180.0
1428	192.0
1429	492.0
1430	421.0
1431	451.0
1432	647.0
1433	1222.0
1434	737.0
1435	194.0
1436	140.0
1437	197.0
1438	215.0
1439	4506.0
1440	285.0
1441	113.0
1442	380.0
1443	518.0
1444	547.0
1445	233.0
1446	139.0
1447	883.0
1448	939.0
1449	174.0
1450	440.0
1451	222.0
1452	1848.0
1453	567.0
1454	116.0
1455	223.0
1456	106.0
1457	5020.0
1458	29.0
1459	146.0
1460	143.0
1461	107.0
1462	9.0
1463	317.0
1464	5145.0
1465	1209.0
1466	191.0
1467	140.0
1468	204.0
1469	50.0
1470	69.0
1471	424.0
1472	109.0
1473	145.0
1474	227.0
1475	230.0
1476	633.0
1477	372.0
1478	1752.0
1479	97.0
1480	6716.0
1481	451.0
1482	3569.0
1483	754.0
1484	188.0
1485	5305.0
1486	563.0
1487	306.0
1488	483.0
1489	4792.0
1490	104.0
1491	667.0
1492	219.0
1493	114.0
1494	228.0
1495	7958.0
1496	471.0
1497	51.0
1498	120.0
1499	317.0
1500	99.0
1501	701.0
1502	528.0
1503	63.0
1504	224.0
1505	515.0
1506	1055.0
1507	121.0
1508	290.0
1509	746.0
1510	5533.0
1511	76.0
1512	165.0
1513	48.0
1514	111.0
1515	5930.0
1516	247.0
1517	250.0
1518	302.0
1519	127.0
1520	64.0
1521	523.0
1522	280.0
1523	147.0
1524	381.0
1525	589.0
1526	229.0
1527	15943.0
1528	1174.0
1529	449.0
1530	962.0
1531	345.0
1532	15985.0
1533	262.0
1534	742.0
1535	148.0
1536	453.0
1537	15531.0
1538	190.0
1539	186.0
1540	843.0
1541	142.0
1542	938.0
1543	191.0
1544	98.0
1545	504.0
1546	197.0
1547	104.0
1548	204.0
1549	299.0
1550	169.0
1551	1159.0
1552	2996.0
1553	8425.0
1554	453.0
1555	1424.0
1556	223.0
1557	279.0
1558	84.0
1559	192.0
1560	1548.0
1561	85.0
1562	695.0
1563	398.0
1564	8523.0
1565	1772.0
1566	110.0
1567	327.0
1568	2546.0
1569	332.0
1570	156.0
1571	178.0
1572	335.0
1573	86.0
1574	195.0
1575	314.0
1576	902.0
1577	47.0
1578	115.0
1579	358.0
1580	642.0
1581	569.0
1582	85.0
1583	1164.0
1584	471.0
1585	472.0
1586	137.0
1587	1471.0
1588	119.0
1589	135.0
1590	3371.0
1591	165.0
1592	775.0
1593	2081.0
1594	166.0
1595	13269.0
1596	193.0
1597	148.0
1598	192.0
1599	400.0
1600	250.0
1601	214.0
1602	677.0
1603	71.0
1604	156.0
1605	3351.0
1606	206.0
1607	136.0
1608	775.0
1609	7695.0
1610	137.0
1611	472.0
1612	236.0
1613	991.0
1614	53.0
1615	190.0
1616	92.0
1617	3960.0
1618	199.0
1619	1460.0
1620	92.0
1621	263.0
1622	105.0
1623	912.0
1624	31.0
1625	3629.0
1626	194.0
1627	91.0
1628	111.0
1629	289.0
1630	119.0
1631	135.0
1632	86.0
1633	330.0
1634	1075.0
1635	928.0
1636	168.0
1637	100.0
1638	104.0
1639	621.0
1640	478.0
1641	68.0
1642	223.0
1643	1315.0
1644	516.0
1645	764.0
1646	83.0
1647	1847.0
1648	148.0
1649	111.0
1650	607.0
1651	826.0
1652	67.0
1653	101.0
1654	2525.0
1655	1556.0
1656	2146.0
1657	129.0
1658	173.0
1659	147.0
1660	3803.0
1661	1699.0
1662	633.0
1663	413.0
1664	168.0
1665	22153.0
1666	1494.0
1667	307.0
1668	203.0
1669	849.0
1670	386.0
1671	549.0
1672	235.0
1673	222.0
1674	71.0
1675	1888.0
1676	131.0
1677	138.0
1678	80.0
1679	181.0
1680	250.0
1681	489.0
1682	181.0
1683	118.0
1684	255.0
1685	320.0
1686	607.0
1687	70.0
1688	335.0
1689	115.0
1690	158.0
1691	79.0
1692	1450.0
1693	117.0
1694	1132.0
1695	467.0
1696	161.0
1697	136.0
1698	4295.0
1699	270.0
1700	83.0
1701	96.0
1702	77.0
1703	194.0
1704	1148.0
1705	990.0
1706	262.0
1707	91.0
1708	326.0
1709	1045.0
1710	162.0
1711	132.0
1712	61.0
1713	78.0
1714	815.0
1715	76.0
1716	1245.0
1717	406.0
1718	132.0
1719	983.0
1720	993.0
1721	160.0
1722	158.0
1723	207.0
1724	146.0
1725	159.0
1726	246.0
1727	73.0
1728	83.0
1729	45.0
1730	354.0
1731	712.0
1732	473.0
1733	18817.0
1734	420.0
1735	270.0
1736	208.0
1737	547.0
1738	55.0
1739	72.0
1740	97.0
1741	198.0
1742	55.0
1743	1173.0
1744	593.0
1745	2389.0
1746	640.0
1747	1581.0
1748	268.0
1749	692.0
1750	210.0
1751	87.0
1752	219.0
1753	364.0
1754	630.0
1755	989.0
1756	1139.0
1757	493.0
1758	14722.0
1759	351.0
1760	6970.0
1761	129.0
1762	129.0
1763	755.0
1764	470.0
1765	240.0
1766	1716.0
1767	439.0
1768	568.0
1769	653.0
1770	178.0
1771	2349.0
1772	1911.0
1773	39.0
1774	376.0
1775	3483.0
1776	242.0
1777	549.0
1778	10193.0
1779	205.0
1780	2288.0
1781	324.0
1782	503.0
1783	175.0
1784	609.0
1785	64.0
1786	436.0
1787	315.0
1788	7054.0
1789	308.0
1790	491.0
1791	423.0
1792	489.0
1793	87.0
1794	739.0
1795	320.0
1796	423.0
1797	77.0
1798	101.0
1799	390.0
1800	190.0
1801	100.0
1802	1200.0
1803	341.0
1804	39.0
1805	450.0
1806	382.0
1807	1269.0
1808	223.0
1809	152.0
1810	81.0
1811	1579.0
1812	98.0
1813	134.0
1814	457.0
1815	1601.0
1816	31.0
1817	519.0
1818	733.0
1819	176.0
1820	309.0
1821	492.0
1822	6556.0
1823	201.0
1824	95.0
1825	5658.0
1826	790.0
1827	123.0
1828	645.0
1829	898.0
1830	100.0
1831	501.0
1832	122.0
1833	99.0
1834	477.0
1835	83.0
1836	250.0
1837	61.0
1838	296.0
1839	225.0
1840	3380.0
1841	2103.0
1842	656.0
1843	284.0
1844	287.0
1845	1093.0
1846	120.0
1847	288.0
1848	316.0
1849	172.0
1850	126.0
1851	80.0
1852	216.0
1853	66.0
1854	355.0
1855	153.0
1856	3641.0
1857	165.0
1858	913.0
1859	91.0
1860	1078.0
1861	225.0
1862	192.0
1863	1599.0
1864	191.0
1865	4391.0
1866	6453.0
1867	523.0
1868	244.0
1869	449.0
1870	168.0
1871	464.0
1872	1033.0
1873	205.0
1874	1028.0
1875	307.0
1876	161.0
1877	486.0
1878	518.0
1879	58.0
1880	253.0
1881	176.0
1882	1702.0
1883	163.0
1884	63.0
1885	4510.0
1886	348.0
1887	214.0
1888	147.0
1889	229.0
1890	364.0
1891	509.0
1892	169.0
1893	271.0
1894	13617.0
1895	159.0
1896	130.0
1897	184.0
1898	1594.0
1899	2436.0
1900	265.0
1901	1933.0
1902	1098.0
1903	358.0
1904	1288.0
1905	74.0
1906	734.0
1907	349.0
1908	17274.0
1909	1631.0
1910	731.0
1911	227.0
1912	324.0
1913	937.0
1914	2029.0
1915	5719.0
1916	406.0
1917	625.0
1918	248.0
1919	121.0
1920	220.0
1921	413.0
1922	194.0
1923	293.0
1924	476.0
1925	167.0
1926	232.0
1927	145.0
1928	392.0
1929	302.0
1930	147.0
1931	459.0
1932	105.0
1933	156.0
1934	209.0
1935	162.0
1936	125.0
1937	336.0
1938	67.0
1939	2418.0
1940	1794.0
1941	787.0
1942	113.0
1943	8399.0
1944	1398.0
1945	313.0
1946	83.0
1947	666.0
1948	306.0
1949	195.0
1950	200.0
1951	283.0
1952	226.0
1953	136.0
1954	206.0
1955	148.0
1956	859.0
1957	461.0
1958	109.0
1959	876.0
1960	7896.0
1961	1759.0
1962	361.0
1963	881.0
1964	58.0
1965	9384.0
1966	431.0
1967	210.0
1968	277.0
1969	2073.0
1970	664.0
1971	221.0
1972	1539.0
1973	443.0
1974	109.0
1975	527.0
1976	546.0
1977	1171.0
1978	574.0
1979	20584.0
1980	221.0
1981	216.0
1982	109.0
1983	853.0
1984	673.0
1985	160.0
1986	381.0
1987	245.0
1988	283.0
1989	166.0
1990	2407.0
1991	151.0
1992	82.0
1993	596.0
1994	2837.0
1995	548.0
1996	112.0
1997	55.0
1998	1583.0
1999	219.0
2000	680.0
2001	396.0
2002	204.0
2003	16587.0
2004	8875.0
2005	1097.0
2006	320.0
2007	56.0
2008	95.0
2009	420.0
2010	94.0
2011	394.0
2012	139.0
2013	56.0
2014	231.0
2015	124.0
2016	118.0
2017	322.0
2018	126.0
2019	128.0
2020	381.0
2021	234.0
2022	162.0
2023	311.0
2024	1533.0
2025	150.0
2026	112.0
2027	348.0
2028	238.0
2029	2081.0
2030	433.0
2031	123.0
2032	821.0
2033	297.0
2034	97.0
2035	425.0
2036	967.0
2037	877.0
2038	130.0
2039	600.0
2040	484.0
2041	984.0
2042	252.0
2043	181.0
2044	900.0
2045	264.0
2046	306.0
2047	347.0
2048	69.0
2049	167.0
2050	1346.0
2051	97.0
2052	15477.0
2053	121.0
2054	137.0
2055	696.0
2056	222.0
2057	64.0
2058	439.0
2059	154.0
2060	345.0
2061	194.0
2062	1672.0
2063	493.0
2064	2035.0
2065	498.0
2066	907.0
2067	1673.0
2068	172.0
2069	852.0
2070	135.0
2071	284.0
2072	580.0
2073	19022.0
2074	1288.0
2075	1107.0
2076	344.0
2077	90.0
2078	453.0
2079	2209.0
2080	76.0
2081	45.0
2082	804.0
2083	850.0
2084	174.0
2085	110.0
2086	122.0
2087	15201.0
2088	20052.0
2089	872.0
2090	1561.0
2091	66.0
2092	18505.0
2093	803.0
2094	115.0
2095	559.0
2096	128.0
2097	404.0
2098	2531.0
2099	398.0
2100	296.0
2101	200.0
2102	61.0
2103	601.0
2104	938.0
2105	530.0
2106	591.0
2107	483.0
2108	139.0
2109	2035.0
2110	244.0
2111	455.0
2112	210.0
2113	1706.0
2114	111.0
2115	123.0
2116	1794.0
2117	347.0
2118	56.0
2119	130.0
2120	14430.0
2121	99.0
2122	1377.0
2123	257.0
2124	491.0
2125	967.0
2126	159.0
2127	100.0
2128	239.0
2129	1165.0
2130	72.0
2131	61.0
2132	75.0
2133	232.0
2134	125.0
2135	348.0
2136	4352.0
2137	659.0
2138	142.0
2139	67.0
2140	109.0
2141	19773.0
2142	737.0
2143	172.0
2144	618.0
2145	177.0
2146	495.0
2147	6451.0
2148	2910.0
2149	581.0
2150	163.0
2151	559.0
2152	221.0
2153	128.0
2154	69.0
2155	113.0
2156	207.0
2157	173.0
2158	163.0
2159	68.0
2160	12814.0
2161	209.0
2162	965.0
2163	81.0
2164	525.0
2165	196.0
2166	3960.0
2167	415.0
2168	986.0
2169	255.0
2170	100.0
2171	143.0
2172	149.0
2173	377.0
2174	262.0
2175	542.0
2176	68.0
2177	181.0
2178	68.0
2179	426.0
2180	1105.0
2181	303.0
2182	79.0
2183	80.0
2184	131.0
2185	281.0
2186	321.0
2187	823.0
2188	236.0
2189	71.0
2190	847.0
2191	2281.0
2192	120.0
2193	189.0
2194	66.0
2195	184.0
2196	231.0
2197	171.0
2198	108.0
2199	499.0
2200	966.0
2201	602.0
2202	119.0
2203	460.0
2204	113.0
2205	108.0
2206	409.0
2207	1853.0
2208	272.0
2209	21200.0
2210	63.0
2211	208.0
2212	628.0
2213	454.0
2214	1895.0
2215	408.0
2216	113.0
2217	13706.0
2218	62.0
2219	89.0
2220	1702.0
2221	101.0
2222	290.0
2223	2028.0
2224	902.0
2225	283.0
2226	733.0
2227	162.0
2228	246.0
2229	141.0
2230	1031.0
2231	135.0
2232	302.0
2233	536.0
2234	398.0
2235	1328.0
2236	154.0
2237	198.0
2238	1229.0
2239	837.0
2240	111.0
2241	146.0
2242	219.0
2243	89.0
2244	563.0
2245	116.0
2246	115.0
2247	114.0
2248	416.0
2249	385.0
2250	224.0
2251	145.0
2252	6333.0
2253	18644.0
2254	244.0
2255	508.0
2256	786.0
2257	131.0
2258	681.0
2259	4045.0
2260	1112.0
2261	560.0
2262	156.0
2263	141.0
2264	269.0
2265	1086.0
2266	128.0
2267	14509.0
2268	1158.0
2269	65.0
2270	333.0
2271	219.0
2272	3368.0
2273	881.0
2274	231.0
2275	97.0
2276	1317.0
2277	339.0
2278	1697.0
2279	135.0
2280	172.0
2281	414.0
2282	226.0
2283	131.0
2284	80.0
2285	1072.0
2286	8111.0
2287	8874.0
2288	181.0
2289	1615.0
2290	1005.0
2291	660.0
2292	127.0
2293	263.0
2294	83.0
2295	8043.0
2296	429.0
2297	63.0
2298	7744.0
2299	149.0
2300	338.0
2301	228.0
2302	200.0
2303	184.0
2304	33.0
2305	636.0
2306	125.0
2307	179.0
2308	188.0
2309	355.0
2310	417.0
2311	548.0
2312	775.0
2313	138.0
2314	146.0
2315	97.0
2316	74.0
2317	156.0
2318	6719.0
2319	160.0
2320	53.0
2321	347.0
2322	99.0
2323	360.0
2324	899.0
2325	632.0
2326	130.0
2327	246.0
2328	66.0
2329	82.0
2330	2384.0
2331	853.0
2332	999.0
2333	677.0
2334	510.0
2335	318.0
2336	965.0
2337	113.0
2338	162.0
2339	340.0
2340	1114.0
2341	1575.0
2342	382.0
2343	1873.0
2344	937.0
2345	75.0
2346	662.0
2347	275.0
2348	2664.0
2349	768.0
2350	8861.0
2351	1932.0
2352	132.0
2353	405.0
2354	111.0
2355	185.0
2356	2811.0
2357	2235.0
2358	394.0
2359	722.0
2360	219.0
2361	125.0
2362	148.0
2363	3118.0
2364	4165.0
2365	307.0
2366	1882.0
2367	388.0
2368	362.0
2369	142.0
2370	129.0
2371	117.0
2372	47.0
2373	64.0
2374	835.0
2375	692.0
2376	474.0
2377	652.0
2378	185.0
2379	141.0
2380	104.0
2381	116.0
2382	257.0
2383	950.0
2384	3610.0
2385	3063.0
2386	3395.0
2387	6190.0
2388	202.0
2389	78.0
2390	315.0
2391	198.0
2392	435.0
2393	339.0
2394	56.0
2395	834.0
2396	98.0
2397	128.0
2398	709.0
2399	210.0
2400	350.0
2401	937.0
2402	103.0
2403	91.0
2404	108.0
2405	44.0
2406	52.0
2407	518.0
2408	451.0
2409	243.0
2410	684.0
2411	208.0
2412	405.0
2413	376.0
2414	135.0
2415	1237.0
2416	1090.0
2417	914.0
2418	1265.0
2419	433.0
2420	717.0
2421	244.0
2422	3750.0
2423	517.0
2424	18432.0
2425	453.0
2426	230.0
2427	581.0
2428	5490.0
2429	7729.0
2430	1759.0
2431	252.0
2432	166.0
2433	161.0
2434	2061.0
2435	258.0
2436	284.0
2437	54.0
2438	5138.0
2439	102.0
2440	173.0
2441	731.0
2442	562.0
2443	1498.0
2444	595.0
2445	302.0
2446	324.0
2447	143.0
2448	209.0
2449	68.0
2450	516.0
2451	241.0
2452	307.0
2453	213.0
2454	337.0
2455	124.0
2456	258.0
2457	1737.0
2458	214.0
2459	134.0
2460	447.0
2461	73.0
2462	590.0
2463	6679.0
2464	1967.0
2465	897.0
2466	154.0
2467	177.0
2468	112.0
2469	84.0
2470	57.0
2471	1594.0
2472	80.0
2473	64.0
2474	565.0
2475	272.0
2476	221.0
2477	117.0
2478	92.0
2479	130.0
2480	490.0
2481	137.0
2482	1244.0
2483	868.0
2484	407.0
2485	113.0
2486	485.0
2487	99.0
2488	287.0
2489	1285.0
2490	337.0
2491	216.0
2492	344.0
2493	130.0
2494	537.0
2495	143.0
2496	644.0
2497	51.0
2498	175.0
2499	87.0
2500	13563.0
2501	453.0
2502	132.0
2503	523.0
2504	5806.0
2505	805.0
2506	127.0
2507	1171.0
2508	508.0
2509	152.0
2510	158.0
2511	66.0
2512	69.0
2513	573.0
2514	155.0
2515	301.0
2516	16657.0
2517	325.0
2518	230.0
2519	108.0
2520	1137.0
2521	333.0
2522	19549.0
2523	129.0
2524	127.0
2525	250.0
2526	118.0
2527	158.0
2528	227.0
2529	3435.0
2530	136.0
2531	115.0
2532	92.0
2533	4950.0
2534	50.0
2535	402.0
2536	12075.0
2537	558.0
2538	209.0
2539	18847.0
2540	169.0
2541	751.0
2542	107.0
2543	211.0
2544	410.0
2545	743.0
2546	107.0
2547	2233.0
2548	244.0
2549	116.0
2550	698.0
2551	127.0
2552	122.0
2553	387.0
2554	702.0
2555	332.0
2556	636.0
2557	1023.0
2558	60.0
2559	321.0
2560	242.0
2561	631.0
2562	96.0
2563	57.0
2564	271.0
2565	169.0
2566	106.0
2567	1017.0
2568	13086.0
2569	638.0
2570	462.0
2571	336.0
2572	97.0
2573	777.0
2574	160.0
2575	318.0
2576	1963.0
2577	157.0
2578	260.0
2579	284.0
2580	434.0
2581	8847.0
2582	589.0
2583	1068.0
2584	258.0
2585	89.0
2586	446.0
2587	1792.0
2588	309.0
2589	303.0
2590	1648.0
2591	480.0
2592	275.0
2593	754.0
2594	598.0
2595	208.0
2596	720.0
2597	312.0
2598	56.0
2599	1691.0
2600	84.0
2601	138.0
2602	121.0
2603	239.0
2604	1310.0
2605	532.0
2606	65.0
2607	45.0
2608	61.0
2609	787.0
2610	428.0
2611	474.0
2612	137.0
2613	84.0
2614	168.0
2615	85.0
2616	171.0
2617	447.0
2618	534.0
2619	157.0
2620	1380.0
2621	119.0
2622	114.0
2623	144.0
2624	171.0
2625	448.0
2626	114.0
2627	151.0
2628	242.0
2629	18468.0
2630	602.0
2631	67.0
2632	382.0
2633	343.0
2634	434.0
2635	40.0
2636	560.0
2637	934.0
2638	1440.0
2639	175.0
2640	308.0
2641	46.0
2642	281.0
2643	160.0
2644	236.0
2645	391.0
2646	375.0
2647	230.0
2648	121.0
2649	134.0
2650	958.0
2651	1041.0
2652	96.0
2653	59.0
2654	94.0
2655	8274.0
2656	333.0
2657	141.0
2658	256.0
2659	311.0
2660	16040.0
2661	275.0
2662	274.0
2663	155.0
2664	226.0
2665	450.0
2666	8754.0
2667	500.0
2668	710.0
2669	73.0
2670	152.0
2671	63.0
2672	116.0
2673	1094.0
2674	148.0
2675	825.0
2676	224.0
2677	149.0
2678	1521.0
2679	1169.0
2680	133.0
2681	393.0
2682	446.0
2683	198.0
2684	192.0
2685	8.0
2686	252.0
2687	242.0
2688	673.0
2689	169.0
2690	291.0
2691	171.0
2692	332.0
2693	83.0
2694	321.0
2695	757.0
2696	1069.0
2697	419.0
2698	159.0
2699	1284.0
2700	140.0
2701	2004.0
2702	914.0
2703	555.0
2704	88.0
2705	393.0
2706	278.0
2707	233.0
2708	438.0
2709	382.0
2710	12500.0
2711	52.0
2712	92.0
2713	75.0
2714	828.0
2715	1569.0
2716	860.0
2717	196.0
2718	395.0
2719	776.0
2720	247.0
2721	136.0
2722	376.0
2723	126.0
2724	1960.0
2725	1320.0
2726	86.0
2727	448.0
2728	2467.0
2729	78.0
2730	179.0
2731	463.0
2732	76.0
2733	381.0
2734	162.0
2735	247.0
2736	6945.0
2737	203.0
2738	372.0
2739	10555.0
2740	207.0
2741	1600.0
2742	824.0
2743	215.0
2744	221.0
2745	147.0
2746	542.0
2747	123.0
2748	301.0
2749	81.0
2750	192.0
2751	547.0
2752	493.0
2753	77.0
2754	670.0
2755	662.0
2756	282.0
2757	178.0
2758	113.0
2759	613.0
2760	3544.0
2761	121.0
2762	153.0
2763	2629.0
2764	338.0
2765	174.0
2766	169.0
2767	467.0
2768	721.0
2769	544.0
2770	88.0
2771	239.0
2772	32.0
2773	397.0
2774	157.0
2775	122.0
2776	107.0
2777	1635.0
2778	4142.0
2779	218.0
2780	1664.0
2781	633.0
2782	371.0
2783	3956.0
2784	371.0
2785	506.0
2786	109.0
2787	293.0
2788	62.0
2789	5321.0
2790	834.0
2791	1994.0
2792	299.0
2793	3652.0
2794	777.0
2795	396.0
2796	2169.0
2797	1072.0
2798	1687.0
2799	615.0
2800	2268.0
2801	432.0
2802	10062.0
2803	83.0
2804	321.0
2805	140.0
2806	20306.0
2807	169.0
2808	98.0
2809	831.0
2810	2207.0
2811	246.0
2812	120.0
2813	719.0
2814	151.0
2815	346.0
2816	1851.0
2817	732.0
2818	122.0
2819	307.0
2820	897.0
2821	143.0
2822	214.0
2823	289.0
2824	104.0
2825	122.0
2826	253.0
2827	1738.0
2828	183.0
2829	1769.0
2830	158.0
2831	193.0
2832	158.0
2833	529.0
2834	1316.0
2835	77.0
2836	67.0
2837	121.0
2838	66.0
2839	1534.0
2840	2429.0
2841	265.0
2842	100.0
2843	2397.0
2844	411.0
2845	923.0
2846	242.0
2847	190.0
2848	222.0
2849	663.0
2850	257.0
2851	71.0
2852	1123.0
2853	960.0
2854	499.0
2855	313.0
2856	347.0
2857	101.0
2858	215.0
2859	1481.0
2860	8598.0
2861	129.0
2862	139.0
2863	6741.0
2864	111.0
2865	542.0
2866	961.0
2867	3384.0
2868	78.0
2869	137.0
2870	4819.0
2871	82.0
2872	293.0
2873	242.0
2874	699.0
2875	900.0
2876	145.0
2877	4471.0
2878	2963.0
2879	467.0
2880	1583.0
2881	229.0
2882	74.0
2883	57.0
2884	3035.0
2885	265.0
2886	1257.0
2887	188.0
2888	100.0
2889	93.0
2890	97.0
2891	170.0
2892	316.0
2893	66.0
2894	112.0
2895	199.0
2896	109.0
2897	253.0
2898	147.0
2899	285.0
2900	656.0
2901	2364.0
2902	42.0
2903	68.0
2904	13299.0
2905	1453.0
2906	2897.0
2907	255.0
2908	124.0
2909	91.0
2910	85.0
2911	244.0
2912	234.0
2913	272.0
2914	77.0
2915	222.0
2916	185.0
2917	148.0
2918	130.0
2919	2806.0
2920	396.0
2921	2425.0
2922	934.0
2923	2799.0
2924	3931.0
2925	1726.0
2926	120.0
2927	272.0
2928	1909.0
2929	614.0
2930	417.0
2931	126.0
2932	242.0
2933	757.0
2934	371.0
2935	1044.0
2936	150.0
2937	78.0
2938	3294.0
2939	317.0
2940	231.0
2941	295.0
2942	172.0
2943	105.0
2944	448.0
2945	471.0
2946	268.0
2947	610.0
2948	70.0
2949	97.0
2950	21544.0
2951	828.0
2952	101.0
2953	1193.0
2954	365.0
2955	21463.0
2956	502.0
2957	187.0
2958	205.0
2959	16961.0
2960	61.0
2961	161.0
2962	1494.0
2963	239.0
2964	327.0
2965	1078.0
2966	30.0
2967	10350.0
2968	160.0
2969	105.0
2970	313.0
2971	11402.0
2972	61.0
2973	60.0
2974	809.0
2975	583.0
2976	403.0
2977	135.0
2978	318.0
2979	321.0
2980	126.0
2981	10587.0
2982	464.0
2983	149.0
2984	819.0
2985	115.0
2986	182.0
2987	153.0
2988	115.0
2989	230.0
2990	261.0
2991	72.0
2992	102.0
2993	121.0
2994	1874.0
2995	980.0
2996	20941.0
2997	206.0
2998	72.0
2999	22196.0
3000	143.0
3001	158.0
3002	106.0
3003	115.0
3004	13091.0
3005	1380.0
3006	682.0
3007	1751.0
3008	143.0
3009	362.0
3010	126.0
3011	4202.0
3012	734.0
3013	162.0
3014	3847.0
3015	131.0
3016	281.0
3017	183.0
3018	2715.0
3019	1466.0
3020	275.0
3021	473.0
3022	546.0
3023	73.0
3024	443.0
3025	5214.0
3026	63.0
3027	53.0
3028	287.0
3029	183.0
3030	302.0
3031	356.0
3032	98.0
3033	1842.0
3034	490.0
3035	785.0
3036	343.0
3037	123.0
3038	298.0
3039	229.0
3040	107.0
3041	3634.0
3042	1669.0
3043	773.0
3044	288.0
3045	236.0
3046	137.0
3047	203.0
3048	137.0
3049	523.0
3050	527.0
3051	125.0
3052	846.0
3053	471.0
3054	129.0
3055	176.0
3056	9178.0
3057	257.0
3058	2013.0
3059	394.0
3060	473.0
3061	123.0
3062	162.0
3063	510.0
3064	251.0
3065	670.0
3066	88.0
3067	472.0
3068	1481.0
3069	171.0
3070	75.0
3071	191.0
3072	3016.0
3073	138.0
3074	9348.0
3075	65.0
3076	133.0
3077	155.0
3078	548.0
3079	652.0
3080	1340.0
3081	95.0
3082	476.0
3083	242.0
3084	123.0
3085	566.0
3086	1126.0
3087	375.0
3088	419.0
3089	67.0
3090	1266.0
3091	125.0
3092	7852.0
3093	105.0
3094	770.0
3095	276.0
3096	243.0
3097	166.0
3098	147.0
3099	553.0
3100	149.0
3101	215.0
3102	309.0
3103	151.0
3104	146.0
3105	533.0
3106	461.0
3107	58.0
3108	780.0
3109	8126.0
3110	155.0
3111	1137.0
3112	428.0
3113	127.0
3114	4216.0
3115	307.0
3116	158.0
3117	230.0
3118	423.0
3119	85.0
3120	203.0
3121	1347.0
3122	449.0
3123	16519.0
3124	1009.0
3125	112.0
3126	544.0
3127	325.0
3128	167.0
3129	2293.0
3130	319.0
3131	918.0
3132	140.0
3133	4589.0
3134	227.0
3135	278.0
3136	202.0
3137	718.0
3138	64.0
3139	437.0
3140	286.0
3141	216.0
3142	168.0
3143	681.0
3144	1917.0
3145	301.0
3146	128.0
3147	20863.0
3148	92.0
3149	80.0
3150	274.0
3151	187.0
3152	45.0
3153	11803.0
3154	221.0
3155	21121.0
3156	74.0
3157	237.0
3158	56.0
3159	90.0
3160	266.0
3161	122.0
3162	125.0
3163	408.0
3164	5589.0
3165	450.0
3166	248.0
3167	93.0
3168	560.0
3169	325.0
3170	831.0
3171	126.0
3172	109.0
3173	468.0
3174	88.0
3175	796.0
3176	885.0
3177	463.0
3178	285.0
3179	134.0
3180	1497.0
3181	81.0
3182	162.0
3183	140.0
3184	368.0
3185	64.0
3186	184.0
3187	769.0
3188	193.0
3189	1467.0
3190	274.0
3191	335.0
3192	900.0
3193	8585.0
3194	188.0
3195	4150.0
3196	364.0
3197	13148.0
3198	946.0
3199	254.0
3200	341.0
3201	377.0
3202	176.0
3203	86.0
3204	229.0
3205	116.0
3206	327.0
3207	727.0
3208	872.0
3209	8006.0
3210	159.0
3211	1677.0
3212	359.0
3213	131.0
3214	93.0
3215	122.0
3216	345.0
3217	4437.0
3218	99.0
3219	999.0
3220	306.0
3221	527.0
3222	198.0
3223	1126.0
3224	183.0
3225	154.0
3226	963.0
3227	218.0
3228	1861.0
3229	315.0
3230	147.0
3231	132.0
3232	653.0
3233	356.0
3234	160.0
3235	111.0
3236	617.0
3237	5302.0
3238	172.0
3239	298.0
3240	96.0
3241	59.0
3242	8994.0
3243	531.0
3244	151.0
3245	3331.0
3246	114.0
3247	670.0
3248	357.0
3249	3152.0
3250	89.0
3251	119.0
3252	1566.0
3253	106.0
3254	127.0
3255	1290.0
3256	4344.0
3257	139.0
3258	68.0
3259	168.0
3260	228.0
3261	582.0
3262	127.0
3263	352.0
3264	54.0
3265	456.0
3266	965.0
3267	2691.0
3268	219.0
3269	783.0
3270	106.0
3271	329.0
3272	60.0
3273	168.0
3274	22107.0
3275	706.0
3276	414.0
3277	83.0
3278	101.0
3279	336.0
3280	132.0
3281	12437.0
3282	777.0
3283	108.0
3284	53.0
3285	304.0
3286	434.0
3287	12507.0
3288	48.0
3289	3340.0
3290	3555.0
3291	182.0
3292	168.0
3293	1421.0
3294	206.0
3295	656.0
3296	82.0
3297	763.0
3298	3506.0
3299	589.0
3300	195.0
3301	5259.0
3302	162.0
3303	336.0
3304	284.0
3305	105.0
3306	950.0
3307	135.0
3308	914.0
3309	4815.0
3310	221.0
3311	592.0
3312	302.0
3313	372.0
3314	6748.0
3315	200.0
3316	179.0
3317	271.0
3318	268.0
3319	115.0
3320	913.0
3321	5912.0
3322	2860.0
3323	477.0
3324	346.0
3325	175.0
3326	812.0
3327	301.0
3328	178.0
3329	125.0
3330	154.0
3331	1379.0
3332	157.0
3333	40.0
3334	1917.0
3335	297.0
3336	130.0
3337	440.0
3338	576.0
3339	269.0
3340	1135.0
3341	487.0
3342	79.0
3343	65.0
3344	199.0
3345	340.0
3346	825.0
3347	1711.0
3348	108.0
3349	430.0
3350	245.0
3351	156.0
3352	72.0
3353	1172.0
3354	1243.0
3355	286.0
3356	94.0
3357	831.0
3358	615.0
3359	94.0
3360	3228.0
3361	75.0
3362	204.0
3363	810.0
3364	45.0
3365	127.0
3366	1044.0
3367	155.0
3368	10492.0
3369	1205.0
3370	249.0
3371	88.0
3372	844.0
3373	174.0
3374	281.0
3375	100.0
3376	56.0
3377	352.0
3378	38.0
3379	94.0
3380	106.0
3381	382.0
3382	573.0
3383	95.0
3384	53.0
3385	79.0
3386	438.0
3387	420.0
3388	366.0
3389	804.0
3390	133.0
3391	367.0
3392	264.0
3393	730.0
3394	108.0
3395	90.0
3396	2609.0
3397	124.0
3398	120.0
3399	161.0
3400	104.0
3401	212.0
3402	404.0
3403	1132.0
3404	174.0
3405	661.0
3406	425.0
3407	436.0
3408	156.0
3409	98.0
3410	6790.0
3411	139.0
3412	1262.0
3413	7443.0
3414	220.0
3415	428.0
3416	121.0
3417	311.0
3418	89.0
3419	308.0
3420	625.0
3421	152.0
3422	69.0
3423	4109.0
3424	1062.0
3425	115.0
3426	61.0
3427	57.0
3428	3197.0
3429	504.0
3430	750.0
3431	555.0
3432	692.0
3433	438.0
3434	266.0
3435	1012.0
3436	1078.0
3437	346.0
3438	101.0
3439	272.0
3440	194.0
3441	390.0
3442	3508.0
3443	188.0
3444	137.0
3445	70.0
3446	156.0
3447	1052.0
3448	90.0
3449	428.0
3450	152.0
3451	1015.0
3452	153.0
3453	155.0
3454	20880.0
3455	27.0
3456	1479.0
3457	147.0
3458	270.0
3459	100.0
3460	3736.0
3461	797.0
3462	2907.0
3463	250.0
3464	368.0
3465	195.0
3466	311.0
3467	144.0
3468	287.0
3469	1141.0
3470	415.0
3471	406.0
3472	707.0
3473	210.0
3474	19988.0
3475	442.0
3476	1820.0
3477	152.0
3478	662.0
3479	269.0
3480	122.0
3481	101.0
3482	142.0
3483	534.0
3484	129.0
3485	431.0
3486	2482.0
3487	1084.0
3488	494.0
3489	576.0
3490	1723.0
3491	472.0
3492	123.0
3493	3376.0
3494	305.0
3495	6773.0
3496	147.0
3497	102.0
3498	311.0
3499	60.0
3500	166.0
3501	391.0
3502	179.0
3503	269.0
3504	706.0
3505	281.0
3506	775.0
3507	443.0
3508	143.0
3509	473.0
3510	1203.0
3511	199.0
3512	144.0
3513	224.0
3514	344.0
3515	462.0
3516	176.0
3517	540.0
3518	94.0
3519	18189.0
3520	2124.0
3521	199.0
3522	148.0
3523	883.0
3524	1032.0
3525	432.0
3526	203.0
3527	1013.0
3528	323.0
3529	146.0
3530	392.0
3531	126.0
3532	58.0
3533	75.0
3534	291.0
3535	260.0
3536	7703.0
3537	305.0
3538	202.0
3539	167.0
3540	152.0
3541	294.0
3542	141.0
3543	447.0
3544	1134.0
3545	300.0
3546	321.0
3547	153.0
3548	678.0
3549	151.0
3550	632.0
3551	582.0
3552	97.0
3553	903.0
3554	551.0
3555	663.0
3556	3043.0
3557	1374.0
3558	77.0
3559	308.0
3560	129.0
3561	249.0
3562	550.0
3563	949.0
3564	96.0
3565	220.0
3566	136.0
3567	135.0
3568	286.0
3569	296.0
3570	296.0
3571	45.0
3572	400.0
3573	1354.0
3574	1180.0
3575	226.0
3576	374.0
3577	44.0
3578	209.0
3579	156.0
3580	119.0
3581	133.0
3582	539.0
3583	167.0
3584	627.0
3585	923.0
3586	340.0
3587	772.0
3588	348.0
3589	105.0
3590	63.0
3591	162.0
3592	3664.0
3593	650.0
3594	72.0
3595	702.0
3596	79.0
3597	136.0
3598	148.0
3599	793.0
3600	122.0
3601	5245.0
3602	425.0
3603	338.0
3604	137.0
3605	88.0
3606	87.0
3607	157.0
3608	120.0
3609	178.0
3610	14155.0
3611	82.0
3612	1648.0
3613	113.0
3614	707.0
3615	84.0
3616	457.0
3617	62.0
3618	4647.0
3619	603.0
3620	17885.0
3621	231.0
3622	186.0
3623	169.0
3624	267.0
3625	152.0
3626	341.0
3627	1220.0
3628	942.0
3629	840.0
3630	1893.0
3631	175.0
3632	2015.0
3633	369.0
3634	1418.0
3635	387.0
3636	2945.0
3637	104.0
3638	132.0
3639	41.0
3640	157.0
3641	1128.0
3642	295.0
3643	963.0
3644	174.0
3645	380.0
3646	173.0
3647	191.0
3648	115.0
3649	413.0
3650	4335.0
3651	171.0
3652	223.0
3653	793.0
3654	262.0
3655	598.0
3656	870.0
3657	2219.0
3658	3263.0
3659	113.0
3660	118.0
3661	89.0
3662	323.0
3663	475.0
3664	281.0
3665	128.0
3666	408.0
3667	1059.0
3668	110.0
3669	750.0
3670	775.0
3671	93.0
3672	65.0
3673	260.0
3674	111.0
3675	163.0
3676	4076.0
3677	178.0
3678	101.0
3679	139.0
3680	152.0
3681	2043.0
3682	382.0
3683	213.0
3684	297.0
3685	141.0
3686	582.0
3687	51.0
3688	10241.0
3689	258.0
3690	92.0
3691	2179.0
3692	241.0
3693	1420.0
3694	75.0
3695	1357.0
3696	119.0
3697	130.0
3698	329.0
3699	47.0
3700	351.0
3701	272.0
3702	80.0
3703	315.0
3704	129.0
3705	21713.0
3706	58.0
3707	565.0
3708	939.0
3709	118.0
3710	164.0
3711	501.0
3712	744.0
3713	97.0
3714	120.0
3715	138.0
3716	965.0
3717	515.0
3718	63.0
3719	17394.0
3720	409.0
3721	412.0
3722	723.0
3723	291.0
3724	1089.0
3725	1429.0
3726	341.0
3727	57.0
3728	50.0
3729	115.0
3730	1484.0
3731	103.0
3732	63.0
3733	171.0
3734	390.0
3735	288.0
3736	224.0
3737	620.0
3738	193.0
3739	96.0
3740	623.0
3741	329.0
3742	230.0
3743	68.0
3744	115.0
3745	309.0
3746	383.0
3747	767.0
3748	516.0
3749	296.0
3750	5254.0
3751	975.0
3752	132.0
3753	206.0
3754	474.0
3755	445.0
3756	4053.0
3757	746.0
3758	168.0
3759	684.0
3760	173.0
3761	259.0
3762	763.0
3763	642.0
3764	96.0
3765	129.0
3766	326.0
3767	1189.0
3768	247.0
3769	96.0
3770	744.0
3771	105.0
3772	67.0
3773	16235.0
3774	54.0
3775	339.0
3776	730.0
3777	607.0
3778	510.0
3779	84.0
3780	152.0
3781	252.0
3782	227.0
3783	132.0
3784	317.0
3785	1024.0
3786	785.0
3787	368.0
3788	540.0
3789	147.0
3790	2684.0
3791	172.0
3792	122.0
3793	102.0
3794	328.0
3795	207.0
3796	146.0
3797	1018.0
3798	174.0
3799	944.0
3800	185.0
3801	140.0
3802	1615.0
3803	494.0
3804	142.0
3805	1571.0
3806	310.0
3807	12853.0
3808	71.0
3809	52.0
3810	169.0
3811	269.0
3812	656.0
3813	443.0
3814	69.0
3815	3752.0
3816	1273.0
3817	479.0
3818	1495.0
3819	93.0
3820	759.0
3821	359.0
3822	154.0
3823	107.0
3824	902.0
3825	92.0
3826	177.0
3827	115.0
3828	140.0
3829	1028.0
3830	264.0
3831	214.0
3832	170.0
3833	478.0
3834	86.0
3835	77.0
3836	61.0
3837	242.0
3838	736.0
3839	215.0
3840	138.0
3841	204.0
3842	64.0
3843	80.0
3844	12711.0
3845	16839.0
3846	527.0
3847	310.0
3848	153.0
3849	11737.0
3850	86.0
3851	287.0
3852	104.0
3853	93.0
3854	69.0
3855	438.0
3856	497.0
3857	559.0
3858	625.0
3859	218.0
3860	222.0
3861	225.0
3862	764.0
3863	2891.0
3864	290.0
3865	222.0
3866	143.0
3867	695.0
3868	122.0
3869	72.0
3870	3604.0
3871	10280.0
3872	333.0
3873	226.0
3874	589.0
3875	1508.0
3876	331.0
3877	818.0
3878	1396.0
3879	143.0
3880	103.0
3881	519.0
3882	98.0
3883	349.0
3884	950.0
3885	180.0
3886	764.0
3887	323.0
3888	57.0
3889	103.0
3890	124.0
3891	259.0
3892	457.0
3893	308.0
3894	116.0
3895	135.0
3896	116.0
3897	105.0
3898	177.0
3899	144.0
3900	2111.0
3901	240.0
3902	154.0
3903	1169.0
3904	148.0
3905	204.0
3906	191.0
3907	133.0
3908	138.0
3909	97.0
3910	912.0
3911	234.0
3912	336.0
3913	128.0
3914	611.0
3915	334.0
3916	668.0
3917	135.0
3918	193.0
3919	444.0
3920	89.0
3921	61.0
3922	346.0
3923	106.0
3924	105.0
3925	339.0
3926	517.0
3927	214.0
3928	113.0
3929	157.0
3930	268.0
3931	457.0
3932	116.0
3933	213.0
3934	106.0
3935	83.0
3936	2760.0
3937	215.0
3938	21147.0
3939	911.0
3940	64.0
3941	266.0
3942	196.0
3943	175.0
3944	373.0
3945	2943.0
3946	354.0
3947	878.0
3948	328.0
3949	211.0
3950	248.0
3951	393.0
3952	114.0
3953	437.0
3954	728.0
3955	302.0
3956	162.0
3957	351.0
3958	503.0
3959	87.0
3960	281.0
3961	71.0
3962	84.0
3963	286.0
3964	106.0
3965	347.0
3966	662.0
3967	571.0
3968	6086.0
3969	183.0
3970	1935.0
3971	90.0
3972	2704.0
3973	633.0
3974	217.0
3975	639.0
3976	485.0
3977	92.0
3978	68.0
3979	426.0
3980	151.0
3981	102.0
3982	334.0
3983	165.0
3984	184.0
3985	1289.0
3986	617.0
3987	1121.0
3988	85.0
3989	1253.0
3990	3051.0
3991	26947.0
3992	232.0
3993	235.0
3994	99.0
3995	366.0
3996	108.0
3997	227.0
3998	129.0
3999	1234.0
4000	91.0
4001	1116.0
4002	312.0
4003	177.0
4004	228.0
4005	60.0
4006	941.0
4007	239.0
4008	908.0
4009	516.0
4010	168.0
4011	89.0
4012	82.0
4013	151.0
4014	70.0
4015	277.0
4016	1178.0
4017	1985.0
4018	221.0
4019	533.0
4020	156.0
4021	195.0
4022	1279.0
4023	984.0
4024	267.0
4025	909.0
4026	89.0
4027	1637.0
4028	1050.0
4029	2463.0
4030	10345.0
4031	998.0
4032	63.0
4033	108.0
4034	429.0
4035	337.0
4036	36.0
4037	620.0
4038	114.0
4039	176.0
4040	67.0
4041	7104.0
4042	1414.0
4043	322.0
4044	1430.0
4045	227.0
4046	648.0
4047	427.0
4048	508.0
4049	4471.0
4050	308.0
4051	684.0
4052	265.0
4053	127.0
4054	896.0
4055	19109.0
4056	147.0
4057	206.0
4058	699.0
4059	2552.0
4060	111.0
4061	72.0
4062	165.0
4063	129.0
4064	1435.0
4065	35.0
4066	14131.0
4067	492.0
4068	440.0
4069	1048.0
4070	785.0
4071	2062.0
4072	89.0
4073	135.0
4074	166.0
4075	105.0
4076	381.0
4077	1397.0
4078	608.0
4079	69.0
4080	117.0
4081	599.0
4082	189.0
4083	186.0
4084	270.0
4085	84.0
4086	1618.0
4087	139.0
4088	398.0
4089	103.0
4090	82.0
4091	206.0
4092	137.0
4093	131.0
4094	891.0
4095	100.0
4096	1344.0
4097	940.0
4098	552.0
4099	2449.0
4100	356.0
4101	62.0
4102	390.0
4103	1002.0
4104	123.0
4105	520.0
4106	284.0
4107	949.0
4108	1143.0
4109	273.0
4110	444.0
4111	2681.0
4112	52.0
4113	1776.0
4114	628.0
4115	128.0
4116	157.0
4117	968.0
4118	1025.0
4119	827.0
4120	133.0
4121	271.0
4122	112.0
4123	132.0
4124	4925.0
4125	74.0
4126	216.0
4127	16514.0
4128	263.0
4129	165.0
4130	798.0
4131	84.0
4132	205.0
4133	1825.0
4134	103.0
4135	917.0
4136	83.0
4137	128.0
4138	129.0
4139	579.0
4140	93.0
4141	406.0
4142	780.0
4143	716.0
4144	123.0
4145	37.0
4146	8080.0
4147	1120.0
4148	77.0
4149	20440.0
4150	1674.0
4151	1074.0
4152	1185.0
4153	169.0
4154	179.0
4155	116.0
4156	1416.0
4157	250.0
4158	784.0
4159	1659.0
4160	764.0
4161	298.0
4162	1991.0
4163	937.0
4164	96.0
4165	107.0
4166	187.0
4167	442.0
4168	795.0
4169	150.0
4170	299.0
4171	701.0
4172	5849.0
4173	263.0
4174	1046.0
4175	95.0
4176	236.0
4177	268.0
4178	471.0
4179	1040.0
4180	158.0
4181	1973.0
4182	303.0
4183	146.0
4184	816.0
4185	348.0
4186	2197.0
4187	492.0
4188	615.0
4189	13086.0
4190	528.0
4191	946.0
4192	71.0
4193	95.0
4194	171.0
4195	9355.0
4196	192.0
4197	310.0
4198	292.0
4199	101.0
4200	283.0
4201	80.0
4202	100.0
4203	227.0
4204	181.0
4205	667.0
4206	432.0
4207	25.0
4208	843.0
4209	760.0
4210	949.0
4211	100.0
4212	20712.0
4213	119.0
4214	1286.0
4215	375.0
4216	15049.0
4217	16414.0
4218	231.0
4219	550.0
4220	1657.0
4221	131.0
4222	89.0
4223	689.0
4224	1204.0
4225	313.0
4226	247.0
4227	559.0
4228	113.0
4229	249.0
4230	2559.0
4231	88.0
4232	143.0
4233	84.0
4234	99.0
4235	123.0
4236	292.0
4237	74.0
4238	167.0
4239	47.0
4240	164.0
4241	144.0
4242	338.0
4243	249.0
4244	6423.0
4245	88.0
4246	234.0
4247	109.0
4248	111.0
4249	195.0
4250	246.0
4251	80.0
4252	435.0
4253	1126.0
4254	322.0
4255	104.0
4256	74.0
4257	66.0
4258	156.0
4259	547.0
4260	91.0
4261	104.0
4262	147.0
4263	87.0
4264	2070.0
4265	62.0
4266	755.0
4267	119.0
4268	162.0
4269	2649.0
4270	41.0
4271	64.0
4272	209.0
4273	211.0
4274	207.0
4275	231.0
4276	2168.0
4277	1383.0
4278	134.0
4279	184.0
4280	490.0
4281	1145.0
4282	136.0
4283	119.0
4284	943.0
4285	612.0
4286	189.0
4287	157.0
4288	60.0
4289	511.0
4290	139.0
4291	63.0
4292	50.0
4293	201.0
4294	490.0
4295	55.0
4296	386.0
4297	256.0
4298	54.0
4299	274.0
4300	121.0
4301	129.0
4302	71.0
4303	418.0
4304	110.0
4305	86.0
4306	12711.0
4307	18130.0
4308	1550.0
4309	300.0
4310	2908.0
4311	112.0
4312	76.0
4313	63.0
4314	2739.0
4315	52.0
4316	1180.0
4317	7613.0
4318	105.0
4319	64.0
4320	28.0
4321	64.0
4322	175.0
4323	6797.0
4324	64.0
4325	52.0
4326	89.0
4327	275.0
4328	234.0
4329	10592.0
4330	214.0
4331	100.0
4332	1102.0
4333	270.0
4334	1258.0
4335	514.0
4336	1293.0
4337	79.0
4338	805.0
4339	64.0
4340	146.0
4341	1071.0
4342	151.0
4343	134.0
4344	91.0
4345	129.0
4346	181.0
4347	9770.0
4348	96.0
4349	164.0
4350	256.0
4351	142.0
4352	193.0
4353	520.0
4354	1200.0
4355	238.0
4356	968.0
4357	164.0
4358	209.0
4359	106.0
4360	1105.0
4361	244.0
4362	957.0
4363	176.0
4364	942.0
4365	54.0
4366	342.0
4367	445.0
4368	259.0
4369	242.0
4370	1022.0
4371	657.0
4372	415.0
4373	398.0
4374	491.0
4375	327.0
4376	829.0
4377	104.0
4378	127.0
4379	321.0
4380	2900.0
4381	167.0
4382	100.0
4383	324.0
4384	445.0
4385	151.0
4386	754.0
4387	614.0
4388	43.0
4389	257.0
4390	106.0
4391	2110.0
4392	12609.0
4393	390.0
4394	1757.0
4395	97.0
4396	355.0
4397	102.0
4398	3449.0
4399	221.0
4400	1234.0
4401	368.0
4402	308.0
4403	100.0
4404	1091.0
4405	13217.0
4406	2960.0
4407	339.0
4408	211.0
4409	128.0
4410	4325.0
4411	656.0
4412	92.0
4413	121.0
4414	118.0
4415	323.0
4416	292.0
4417	405.0
4418	50.0
4419	201.0
4420	84.0
4421	179.0
4422	69.0
4423	103.0
4424	160.0
4425	150.0
4426	2095.0
4427	278.0
4428	163.0
4429	202.0
4430	4920.0
4431	551.0
4432	292.0
4433	135.0
4434	208.0
4435	168.0
4436	111.0
4437	266.0
4438	206.0
4439	244.0
4440	721.0
4441	120.0
4442	555.0
4443	102.0
4444	163.0
4445	186.0
4446	10861.0
4447	105.0
4448	173.0
4449	1369.0
4450	11979.0
4451	114.0
4452	296.0
4453	340.0
4454	206.0
4455	2733.0
4456	650.0
4457	102.0
4458	112.0
4459	149.0
4460	221.0
4461	17442.0
4462	1506.0
4463	193.0
4464	439.0
4465	146.0
4466	311.0
4467	285.0
4468	2085.0
4469	99.0
4470	15097.0
4471	1102.0
4472	55.0
4473	160.0
4474	232.0
4475	178.0
4476	201.0
4477	478.0
4478	127.0
4479	571.0
4480	257.0
4481	73.0
4482	640.0
4483	558.0
4484	80.0
4485	216.0
4486	349.0
4487	427.0
4488	5703.0
4489	422.0
4490	328.0
4491	399.0
4492	92.0
4493	231.0
4494	9586.0
4495	79.0
4496	716.0
4497	315.0
4498	147.0
4499	458.0
4500	213.0
4501	241.0
4502	370.0
4503	251.0
4504	6244.0
4505	118.0
4506	66.0
4507	93.0
4508	5627.0
4509	247.0
4510	119.0
4511	127.0
4512	196.0
4513	423.0
4514	124.0
4515	212.0
4516	66.0
4517	666.0
4518	850.0
4519	566.0
4520	150.0
4521	68.0
4522	986.0
4523	1123.0
4524	151.0
4525	284.0
4526	102.0
4527	228.0
4528	105.0
4529	559.0
4530	568.0
4531	244.0
4532	62.0
4533	113.0
4534	1479.0
4535	729.0
4536	819.0
4537	1016.0
4538	217.0
4539	140.0
4540	218.0
4541	119.0
4542	173.0
4543	480.0
4544	934.0
4545	962.0
4546	473.0
4547	262.0
4548	85.0
4549	131.0
4550	236.0
4551	97.0
4552	126.0
4553	176.0
4554	119.0
4555	176.0
4556	156.0
4557	216.0
4558	187.0
4559	180.0
4560	69.0
4561	192.0
4562	214.0
4563	768.0
4564	4014.0
4565	508.0
4566	654.0
4567	419.0
4568	300.0
4569	2130.0
4570	155.0
4571	1724.0
4572	97.0
4573	213.0
4574	820.0
4575	164.0
4576	639.0
4577	2646.0
4578	1946.0
4579	467.0
4580	821.0
4581	649.0
4582	47.0
4583	3957.0
4584	46.0
4585	441.0
4586	257.0
4587	94.0
4588	262.0
4589	151.0
4590	2788.0
4591	197.0
4592	188.0
4593	258.0
4594	177.0
4595	1111.0
4596	91.0
4597	420.0
4598	113.0
4599	980.0
4600	269.0
4601	48.0
4602	166.0
4603	72.0
4604	237.0
4605	253.0
4606	230.0
4607	77.0
4608	95.0
4609	274.0
4610	847.0
4611	1606.0
4612	108.0
4613	156.0
4614	502.0
4615	449.0
4616	276.0
4617	316.0
4618	304.0
4619	1098.0
4620	230.0
4621	8882.0
4622	277.0
4623	520.0
4624	219.0
4625	137.0
4626	617.0
4627	458.0
4628	190.0
4629	330.0
4630	431.0
4631	809.0
4632	161.0
4633	90.0
4634	710.0
4635	295.0
4636	67.0
4637	1887.0
4638	2837.0
4639	323.0
4640	430.0
4641	552.0
4642	2862.0
4643	998.0
4644	991.0
4645	215.0
4646	2411.0
4647	574.0
4648	1283.0
4649	920.0
4650	10338.0
4651	337.0
4652	129.0
4653	153.0
4654	1143.0
4655	288.0
4656	115.0
4657	35.0
4658	159.0
4659	109.0
4660	1418.0
4661	1159.0
4662	696.0
4663	1084.0
4664	325.0
4665	182.0
4666	111.0
4667	96.0
4668	1381.0
4669	127.0
4670	557.0
4671	154.0
4672	965.0
4673	1138.0
4674	348.0
4675	502.0
4676	73.0
4677	177.0
4678	2721.0
4679	855.0
4680	83.0
4681	839.0
4682	189.0
4683	154.0
4684	257.0
4685	111.0
4686	356.0
4687	629.0
4688	290.0
4689	349.0
4690	146.0
4691	3040.0
4692	3565.0
4693	400.0
4694	272.0
4695	153.0
4696	685.0
4697	605.0
4698	323.0
4699	2327.0
4700	173.0
4701	98.0
4702	142.0
4703	301.0
4704	141.0
4705	623.0
4706	1124.0
4707	115.0
4708	11829.0
4709	147.0
4710	135.0
4711	137.0
4712	180.0
4713	566.0
4714	457.0
4715	398.0
4716	458.0
4717	225.0
4718	615.0
4719	1027.0
4720	61.0
4721	56.0
4722	186.0
4723	148.0
4724	3395.0
4725	246.0
4726	971.0
4727	895.0
4728	178.0
4729	120.0
4730	331.0
4731	8203.0
4732	100.0
4733	219.0
4734	8928.0
4735	851.0
4736	3527.0
4737	100.0
4738	2666.0
4739	64.0
4740	145.0
4741	105.0
4742	154.0
4743	2266.0
4744	12556.0
4745	444.0
4746	1679.0
4747	790.0
4748	167.0
4749	1931.0
4750	816.0
4751	82.0
4752	909.0
4753	230.0
4754	139.0
4755	81.0
4756	277.0
4757	489.0
4758	1109.0
4759	148.0
4760	45.0
